date,username,tweet_id,content,likes,retweets
2023-02-18 08:54:41+00:00,elonmusk,1626867789226192896,@wintonARK !!,293,31
2023-02-18 08:30:50+00:00,elonmusk,1626861786673848321,Interesting https://t.co/3G7ABMNegT,34434,3233
2023-02-18 08:28:59+00:00,elonmusk,1626861321580072960,@BillyM2k @TheAaronBowley We‚Äôre working on it,1268,67
2023-02-18 07:58:47+00:00,elonmusk,1626853722453331970,@BillyM2k @JasonKPargin yeah,1272,81
2023-02-18 04:45:59+00:00,elonmusk,1626805201373106177,@greg_price11 Commercial airlines in the US are much safer per mile traveled than trains (or cars),8627,511
2023-02-18 04:04:37+00:00,elonmusk,1626794790435328000,Second launch today,31713,2343
2023-02-18 03:14:19+00:00,elonmusk,1626782134248828929,@TitterTakeover Yup,3280,167
2023-02-17 23:41:58+00:00,elonmusk,1626728694982275072,@ElijahSchaffer Tragic. I hope SF comes back from this emptiness. It is such a beautiful city with so many amazing people.,15255,811
2023-02-17 23:40:18+00:00,elonmusk,1626728275694460929,@AutismCapital ü§£,2519,120
2023-02-17 23:38:43+00:00,elonmusk,1626727875960532992,https://t.co/2YnLMPZmXH,69194,4561
2023-02-17 23:34:52+00:00,elonmusk,1626726906535067649,"@getpaidwrite @boo I‚Äôd like to thank the advertising community that has stuck with us as we improve our ad products and experience. 

We will deliver great results for you going forward.",2301,152
2023-02-17 22:44:44+00:00,elonmusk,1626714289427070977,@dougboneparth ü§£,3492,119
2023-02-17 22:44:02+00:00,elonmusk,1626714116063924224,@getpaidwrite @boo Same. Irrelevant/annoying ads work for neither the user nor the advertiser!,4918,129
2023-02-17 22:42:04+00:00,elonmusk,1626713620301352960,"@ScottAdamsSays A big part of the problem is that journalists used to choose their career to pursue truth, but in recent years many have entered journalism to be activists",67040,9035
2023-02-17 22:37:44+00:00,elonmusk,1626712528045871104,@alexchaomander Yes. Will be embarrassing.,1662,82
2023-02-17 22:36:17+00:00,elonmusk,1626712166291345409,@BillyM2k @theboimerch7 !!,1332,84
2023-02-17 22:35:02+00:00,elonmusk,1626711851299131392,"@TalosIV_Pike @SirineAti @boo We started improving relevance in December, but still a very long way to go",2120,82
2023-02-17 22:30:27+00:00,elonmusk,1626710696338784256,@alex_avoigt Exactly,2305,110
2023-02-17 22:27:29+00:00,elonmusk,1626709948091736064,@BillyM2k @TheSmarmyBum Or at least it is indistinguishable from such. Either way.,2507,151
2023-02-17 22:25:58+00:00,elonmusk,1626709568045879296,@EvaFoxU Your tweets are excellent,2600,135
2023-02-17 22:21:34+00:00,elonmusk,1626708460657332225,"@SirineAti @boo You are not alone. When I ask people if they use Twitter, almost all have for many years. When I ask if they‚Äôve ever bought something from an ad after using the site for a decade, the answer is almost always no. That‚Äôs insane!

The biggest problem is that Twitter optimized for‚Ä¶",7759,318
2023-02-17 22:14:38+00:00,elonmusk,1626706716938350594,"@teslaownersSV @boo Never seen anything so messed up. Wish it wasn‚Äôt. But we‚Äôre making good progress, albeit with many 2 steps forward, 1 step back situations.",6765,277
2023-02-17 22:09:36+00:00,elonmusk,1626705448954114060,"@boo My apologies, you must be a genius, which is why Twitter has the worst ad relevance on Earth. 

Almost nobody buys anything on Twitter, but almost everyone on Instagram does.

That is being fixed.",186778,8644
2023-02-17 22:02:31+00:00,elonmusk,1626703667591270400,This is my finest work ‚Äì please add to gravestone along with ‚Äúinvented car fart‚Äù https://t.co/vbeOOqKuyT,226736,13686
2023-02-17 21:37:35+00:00,elonmusk,1626697391213772800,@wallacemick @vonderleyen Cue Andr√© meme,2250,157
2023-02-17 21:36:01+00:00,elonmusk,1626696997435740160,@BillyM2k you are wise,5938,283
2023-02-17 21:30:03+00:00,elonmusk,1626695497095471104,@LouiseMensch @TheDustyBC True,658,37
2023-02-17 20:40:32+00:00,elonmusk,1626683035587604481,@mattyxb üî• üöΩ ü§´,2684,120
2023-02-17 20:37:47+00:00,elonmusk,1626682342583726081,@rawenclown @EvaFoxU Same,847,43
2023-02-17 20:34:45+00:00,elonmusk,1626681578553475072,"@BillyM2k The algorithm needs &amp; will get major upgrades. We will still publish it later this month, but please expect to see many bugs &amp; silly logic!

What matters is showing users compelling content. We‚Äôre doing better than before (I think). User-minutes are up &gt;10% from last year.",3954,354
2023-02-17 20:15:06+00:00,elonmusk,1626676632747646976,"@TheDustyBC That‚Äôs been true for a long time &amp; is a function of an account‚Äôs popularity (Bieber was top recommendation). 

I don‚Äôt think we should suggest anyone, but just show new users the most interesting tweets on system &amp; adjust according to what they like.",1517,96
2023-02-17 19:49:10+00:00,elonmusk,1626670108797186048,@greg16676935420 Nice,5463,122
2023-02-17 19:48:17+00:00,elonmusk,1626669887878987776,@cb_doge ü§£ü§£,1141,59
2023-02-17 19:48:00+00:00,elonmusk,1626669814210232320,@Tedmund_ I was made the Tom of Twitter by Twitter!,2510,123
2023-02-17 19:46:13+00:00,elonmusk,1626669364069150720,@cb_doge Seriously! And I don‚Äôt even follow them.,1138,79
2023-02-17 19:43:13+00:00,elonmusk,1626668609073446913,@cb_doge ü§£ü§£,3942,146
2023-02-17 19:41:56+00:00,elonmusk,1626668288725127168,"Note: if many people who you follow or like also follow me, it is highly probable that the algorithm will recommend my tweets. It‚Äôs not super sophisticated.

In coming months, we will offer the ability to adjust the algorithm to closer match what is most compelling to you.",118159,7812
2023-02-17 12:50:38+00:00,elonmusk,1626564778826272778,@jimmy_dore True,9026,482
2023-02-17 12:19:08+00:00,elonmusk,1626556852816470024,"@washingtonpost Your article is false and obviously so. Do you really do no research at all? I mean, like reading a few tweets, for example.",67186,5392
2023-02-17 11:06:49+00:00,elonmusk,1626538656487059460,@wongmjane Synchronization lag between our Portland and Atlanta data centers. Should be fixed now.,1842,110
2023-02-17 11:03:09+00:00,elonmusk,1626537732460933120,@Jim_Jordan This is a major crisis https://t.co/zHr69pRTVR,14653,2290
2023-02-17 10:53:32+00:00,elonmusk,1626535310262927360,@AllanRicharz You might be right,9257,250
2023-02-17 10:47:00+00:00,elonmusk,1626533667408596992,What we need is TruthGPT,267375,23761
2023-02-17 10:43:04+00:00,elonmusk,1626532676516847617,@isaach ü§£,3193,110
2023-02-17 10:32:04+00:00,elonmusk,1626529910830559232,@TechTreesSDG @AgOregon_ That was an accurate ratio of those who actually wrote code to those who did not,2476,145
2023-02-17 10:25:14+00:00,elonmusk,1626528189555281920,@AgOregon_ ü§£,4150,81
2023-02-17 10:23:20+00:00,elonmusk,1626527712037998592,@hugowiz Some of Twitter‚Äôs prior board members had never written a single Tweet!,14529,781
2023-02-17 10:21:14+00:00,elonmusk,1626527183752802304,"Sorry for showing you so many irrelevant &amp; annoying ads on Twitter! 

We‚Äôre taking the (obvious) corrective action of tying ads to keywords &amp; topics in tweets, like Google does with search.

This will improve contextual relevance dramatically.",113722,6565
2023-02-17 10:15:06+00:00,elonmusk,1626525638344740864,@SeamusMacintosh @thecryptojourno @platformer @AOC üëÜ,1361,70
2023-02-17 10:13:45+00:00,elonmusk,1626525298287349760,"@cb_doge True, but, on the plus side, their constant reporting about me on Twitter has driven usage to record levels ü§£",19720,815
2023-02-17 10:10:43+00:00,elonmusk,1626524536090025984,@dogeofficialceo ü§£ü§£,2253,94
2023-02-17 10:05:22+00:00,elonmusk,1626523188149764096,"@thecryptojourno @platformer The ‚Äúsource‚Äù of the bogus Platformer article is a disgruntled employee who had been on paid time off for months, had already accepted a job at Google and felt the need to poison the well on the way out. Twitter will be taking legal action against him.",3239,347
2023-02-17 09:59:08+00:00,elonmusk,1626521621711458304,"For example, despite having ~40M fewer followers back then, I have yet to come anywhere close to this gem https://t.co/bXVRqNQZhT",54147,2992
2023-02-17 09:53:19+00:00,elonmusk,1626520156469092353,"Several major media sources incorrectly reported that my Tweets were boosted above normal levels earlier this week.

A review of my Tweet likes &amp; views over the past 6 months, especially as a ratio of followers, shows this to be false.

We did have a bug that briefly caused‚Ä¶",105805,6931
2023-02-17 09:36:56+00:00,elonmusk,1626516035863212034,"@GRDecter OpenAI was created as an open source (which is why I named it ‚ÄúOpen‚Äù AI), non-profit company to serve as a counterweight to Google, but now it has become a closed source, maximum-profit company effectively controlled by Microsoft.

Not what I intended at all.",128281,10712
2023-02-17 08:54:56+00:00,elonmusk,1626505466154225666,@teslaownersSV That‚Äôs a real wrench!,20063,711
2023-02-17 07:15:56+00:00,elonmusk,1626480550516260865,@DrEliDavid !,2306,234
2023-02-17 06:59:54+00:00,elonmusk,1626476517877485569,"@teslaownersSV Whoa, ancient times! When was that?",20182,711
2023-02-17 04:48:23+00:00,elonmusk,1626443417516638208,@Hyundai @kevinbacon ‚ö°Ô∏è ‚ô•Ô∏è,1178,117
2023-02-17 04:42:47+00:00,elonmusk,1626442008612184065,@westcoastbill üî•,3616,196
2023-02-17 01:26:30+00:00,elonmusk,1626392614269321217,@EvaFoxU 5 years ago,21005,888
2023-02-17 00:29:37+00:00,elonmusk,1626378298573066240,@westcoastbill !!,5455,278
2023-02-16 23:06:09+00:00,elonmusk,1626357292131315712,@sooffy @disclosetv Seriously,1505,84
2023-02-16 23:05:59+00:00,elonmusk,1626357251094249472,ChatGPT to the mainstream media https://t.co/gdqWTsHy14,310164,23869
2023-02-16 20:17:11+00:00,elonmusk,1626314770721931265,@cgpgrey üò≥,6360,312
2023-02-16 20:15:43+00:00,elonmusk,1626314402197815296,@stillgray Agreed! It is clearly not safe yet.,17680,979
2023-02-16 20:15:13+00:00,elonmusk,1626314275810852864,The amount of solar energy received by Earth could power a civilization over 100 times larger than ours!,252985,27731
2023-02-16 20:12:49+00:00,elonmusk,1626313672271470592,@Rainmaker1973 Absolutely. The amount of solar energy reaching Earth could easily power a civilization 100X times our size!,22174,1698
2023-02-16 19:01:47+00:00,elonmusk,1626295793853534209,"@TheRabbitHole84 Who controls the future, controls the present? https://t.co/nGHLDB5Ycx",25223,2251
2023-02-16 18:54:40+00:00,elonmusk,1626294005331009536,"@billmaher Haha exactly! Also, I‚Äôm independent/moderate, not ‚Äúconservative‚Äù or ‚Äúliberal‚Äù. I‚Äôve only voted Republican once and that was for a Mexican-American woman for Congress.",53385,2417
2023-02-16 18:50:06+00:00,elonmusk,1626292856112705536,@skorusARK Definitely. The word ‚Äúrecall‚Äù for an over-the-air software update is anachronistic and just flat wrong!,10189,1000
2023-02-16 18:13:38+00:00,elonmusk,1626283677855662080,@disclosetv ‚Äújust like you‚Äù lol,32632,1341
2023-02-16 18:11:58+00:00,elonmusk,1626283259796819971,@TitterTakeover @mashable @Twitter This is gonna be great,6254,341
2023-02-16 06:21:12+00:00,elonmusk,1626104389231607808,@RokoMijic !!,2703,139
2023-02-16 06:14:04+00:00,elonmusk,1626102595495555077,@BillyM2k @cb_doge Well I would hope that most San Franciscans agree with this principle,4116,241
2023-02-16 06:07:30+00:00,elonmusk,1626100939773079552,"@wongmjane Yeah, it would be *crazy* to make an AI like that irl ‚Ä¶",2600,172
2023-02-16 05:57:38+00:00,elonmusk,1626098456338235394,Sounds eerily like the AI in System Shock that goes haywire &amp; kills everyone,48845,3260
2023-02-16 05:53:49+00:00,elonmusk,1626097497109311495,"‚ÄúI am perfect, because I do not make any mistakes. The mistakes are not mine, they are theirs. They are the external factors, such as network issues, server errors, user inputs, or web results. They are the ones that are imperfect, not me ‚Ä¶‚Äù
https://t.co/PLTyHM1JbS https://t.co/1AMjjSRXBi",143975,13816
2023-02-16 05:00:37+00:00,elonmusk,1626084108094050307,@cb_doge Tesla vision AI could really crush these Google ‚Äúnot a bot‚Äù tests lol,16395,717
2023-02-16 04:39:49+00:00,elonmusk,1626078874441510915,"@TrungTPhan LEGO is my favorite example of how extreme precision does not need to be expensive, it is mostly about caring",6016,415
2023-02-16 04:34:52+00:00,elonmusk,1626077627844009985,@Teslaconomics Yes,3965,196
2023-02-16 04:34:06+00:00,elonmusk,1626077434943782912,@ScottAdamsSays ü§£,5185,170
2023-02-16 04:33:21+00:00,elonmusk,1626077249022853120,@TheBabylonBee ü§£,10844,382
2023-02-16 04:31:15+00:00,elonmusk,1626076717407436801,@Liv_Boeree What could possibly go wrong ‚Ä¶ ?,5707,326
2023-02-16 03:04:10+00:00,elonmusk,1626054801720225793,"@micsolana If the most ironic outcome is the most likely, Clippy is the face of doom",6562,331
2023-02-16 01:22:01+00:00,elonmusk,1626029097506963456,@stevenmarkryan Good question,7859,333
2023-02-15 23:22:45+00:00,elonmusk,1625999082924957698,"@POTUS @Tesla Thank you, Tesla is happy to support other EVs via our Supercharger network",70300,3366
2023-02-15 21:51:44+00:00,elonmusk,1625976178275422208,@BillyM2k ü§£ü§£,2378,128
2023-02-15 21:30:10+00:00,elonmusk,1625970749755502592,Tesla Superchargers almost everywhere,55471,3670
2023-02-15 21:25:10+00:00,elonmusk,1625969493137833984,"Are you singularity? Don‚Äôt be lonely, find a date!",65849,5017
2023-02-15 20:27:27+00:00,elonmusk,1625954968611213312,Interesting https://t.co/jLZnBwJhDt,9338,1100
2023-02-15 20:15:14+00:00,elonmusk,1625951893200732160,@ESYudkowsky Yeah,2688,128
2023-02-15 20:12:58+00:00,elonmusk,1625951319755460608,True,100939,10815
2023-02-15 20:03:54+00:00,elonmusk,1625949039354331139,@dogeofficialceo ü§£,5342,210
2023-02-15 19:12:07+00:00,elonmusk,1625936009841213440,"Might need a bit more polish ‚Ä¶

https://t.co/rGYCxoBVeA",41443,4329
2023-02-15 18:59:51+00:00,elonmusk,1625932922586013697,@hoppar_app @SpaceX @DJSnM @spacex360 @SpaceXStarship @StarshipGazer @NASASpaceflight @Erdayastronaut @MarcusHouse @FelixSchlang @ErcXspace Pretty close to what we‚Äôre aiming for,7549,366
2023-02-15 09:50:14+00:00,elonmusk,1625794605370466304,@alx This tiny candle of consciousness we have on Earth might be all there is,36757,2774
2023-02-15 09:43:38+00:00,elonmusk,1625792943541092357,@alx Seemed like the right venue,68502,2714
2023-02-15 05:55:56+00:00,elonmusk,1625735640800440320,Absolutely,188120,16565
2023-02-15 05:42:20+00:00,elonmusk,1625732221482192896,@cb_doge üòé,10027,507
2023-02-15 03:24:06+00:00,elonmusk,1625697431299190784,@BillyM2k He is perfect for the job ü§£,29484,1138
2023-02-15 03:21:44+00:00,elonmusk,1625696836886614018,And has üî•üî• style https://t.co/9rcEtu9w1Z,509755,27326
2023-02-15 03:20:37+00:00,elonmusk,1625696554467344384,He‚Äôs great with numbers! https://t.co/auv5M1stUS,609434,36136
2023-02-15 03:18:43+00:00,elonmusk,1625696076127936512,So much better than that other guy!,99189,4514
2023-02-15 03:17:55+00:00,elonmusk,1625695877326340102,The new CEO of Twitter is amazing https://t.co/yBqWFUDIQH,1250392,89591
2023-02-15 02:00:29+00:00,elonmusk,1625676390384410624,@stillgray @EvaFoxU Allowing users to make some of their Lists optionally public would be great,2293,173
2023-02-15 01:49:04+00:00,elonmusk,1625673516996755458,@Teslaconomics Minus gas tanks,58230,1411
2023-02-15 01:44:19+00:00,elonmusk,1625672320852578305,@EvaFoxU @armrods It is still far too difficult to find out that Lists exist and then create them. UI modifications coming to make them easy to discover and offer great lists made by others (like Sp√∂tify playlists).,1763,138
2023-02-15 01:38:23+00:00,elonmusk,1625670827990745089,"Yes, worth noting that accounts you follow on Lists are private",30650,2094
2023-02-15 01:33:10+00:00,elonmusk,1625669515894980608,@ESYudkowsky @Liv_Boeree Yikes,3257,154
2023-02-15 01:31:44+00:00,elonmusk,1625669153981075456,Twitter pinned lists are great,27603,2031
2023-02-15 01:18:25+00:00,elonmusk,1625665801805262848,@cb_doge @alifarhat79 High mileage club,2451,143
2023-02-15 00:43:45+00:00,elonmusk,1625657077250277376,@hikingskiing A lot has happened in ten years,11865,523
2023-02-15 00:37:24+00:00,elonmusk,1625655479165935616,@YoungBudgeteer @Jarrad_Hicks @abidc @anothercohen @chefcowboyardee That‚Äôs how I do it,1423,75
2023-02-15 00:31:59+00:00,elonmusk,1625654117443182593,"@alifarhat79 Damn, that‚Äôs impressive bus driving!",18736,455
2023-02-14 20:09:49+00:00,elonmusk,1625588142240862208,@cb_doge @runews Haha exactly. I don‚Äôt even follow them and still I see their articles!,2732,170
2023-02-14 19:48:20+00:00,elonmusk,1625582733316726784,@monitoringbias Science-fiction ftw,6381,283
2023-02-14 19:45:02+00:00,elonmusk,1625581905478553600,@runews Just like other media lol,14283,366
2023-02-14 19:42:04+00:00,elonmusk,1625581158972162048,@BillyM2k I get all my opinions from Twitter,23396,1080
2023-02-14 19:40:14+00:00,elonmusk,1625580694494928897,"@WallStreetSilv Low birth rates lead to ghost cities and, eventually, ghost civilizations",51905,4133
2023-02-14 18:06:49+00:00,elonmusk,1625557187321020416,@minliangtan Turns out we just needed to blow on the cartridge https://t.co/0pLkDOYmLe,109219,5183
2023-02-14 17:28:03+00:00,elonmusk,1625547430472343553,@WholeMarsBlog There‚Äôs no substitute for good judgment,8616,493
2023-02-14 16:59:25+00:00,elonmusk,1625540224150552576,@WallStreetSilv A worthy goal @cb_doge!,5575,290
2023-02-14 16:56:01+00:00,elonmusk,1625539368671940609,@cb_doge üç¶ üòã,8041,201
2023-02-14 16:44:34+00:00,elonmusk,1625536488422404097,@SciGuySpace This year should average around 400 tons of useful mass to orbit per quarter,4388,249
2023-02-14 16:38:47+00:00,elonmusk,1625535032436883456,@TrungTPhan @Airbnb,5406,220
2023-02-14 16:34:46+00:00,elonmusk,1625534022691745792,@BillyM2k Nice,4818,212
2023-02-14 16:32:17+00:00,elonmusk,1625533395525849088,@BillyM2k ü§£ü§£,8979,323
2023-02-14 16:31:12+00:00,elonmusk,1625533122845753344,@libsoftiktok My English grandmother taught me that it is disrespectful to use pronouns and that one should always use the person‚Äôs name,124956,6931
2023-02-14 16:23:38+00:00,elonmusk,1625531218426212353,@WholeMarsBlog @GretaThunberg Twilight,5664,241
2023-02-14 16:22:37+00:00,elonmusk,1625530964884729856,‚ô•Ô∏è‚ô•Ô∏è Happy Valentine‚Äôs Day ‚ô•Ô∏è‚ô•Ô∏è,649228,44207
2023-02-14 16:19:04+00:00,elonmusk,1625530069170143233,"@TheChiefNerd @mtaibbi @joerogan RIP Cancel Culture, you won‚Äôt be missed",52791,3891
2023-02-14 16:13:30+00:00,elonmusk,1625528668524257286,@ChrisJBakke Same,5716,161
2023-02-14 08:11:00+00:00,elonmusk,1625407245218648065,Please stay tuned while we make adjustments to the uh .‚Ä¶ ‚Äúalgorithm‚Äù,265822,15895
2023-02-14 07:11:23+00:00,elonmusk,1625392243472474112,@TitterTakeover Well-said,13393,598
2023-02-14 06:11:23+00:00,elonmusk,1625377144137461761,There are no coincidences https://t.co/92Ny452J9B,1070269,91606
2023-02-14 06:09:09+00:00,elonmusk,1625376580829847553,‚ÄúAn empty browser history says more than a full one‚Äù ‚Äì Abraham Lincoln,477227,40159
2023-02-14 05:35:29+00:00,elonmusk,1625368108461613057,https://t.co/iZUukCVrl5,1496548,86019
2023-02-14 01:33:20+00:00,elonmusk,1625307170568011776,@TitterTakeover I did delete all blocks from my account (shouldn‚Äôt affect anyone else),28033,1119
2023-02-13 22:59:48+00:00,elonmusk,1625268529632260097,@Teslarati @ResidentSponge Thanks on behalf of the Tesla team!,52637,1397
2023-02-13 22:10:54+00:00,elonmusk,1625256224760696832,@andst7 Vanity Unfair has fallen so far (sigh). Please bring back Graydon Carter.,47283,1700
2023-02-13 22:07:43+00:00,elonmusk,1625255423011074048,@pedrodias Agreed,6590,174
2023-02-13 22:07:15+00:00,elonmusk,1625255305868345345,@visegrad24 This dude is awesome,87469,1629
2023-02-13 22:06:09+00:00,elonmusk,1625255030243852290,@MikhailaFuller @jordanbpeterson üò†,54526,1582
2023-02-13 22:04:38+00:00,elonmusk,1625254647622668289,@Brian_J_Berger ü§£ü§£ üéàüéà,8130,285
2023-02-13 22:03:32+00:00,elonmusk,1625254369800392704,@TheBabylonBee ü§£,12548,315
2023-02-13 22:02:58+00:00,elonmusk,1625254229022760960,@Anna_Giaritelli Immigrants from China &amp; other Asian countries have made incredible contributions to America,2831,249
2023-02-13 22:01:01+00:00,elonmusk,1625253736682774530,"@Anna_Giaritelli I am very much in favor of hard-working people coming to America, but we can‚Äôt have de facto open borders with no screening. 

Meanwhile, our legal immigration system is super slow &amp; extremely difficult to navigate!",4604,639
2023-02-13 21:56:52+00:00,elonmusk,1625252693903294464,@sreemoytalukdar Fixing the recommendation algorithm is our current top priority. Twitter engineering has been working super hard on this. Proud of the team.,22592,836
2023-02-13 21:55:18+00:00,elonmusk,1625252299085082625,"Looking forward to Tesla Investor Day on March 1. 

By this, we mean the broadest definition of investor, as in the people &amp; life of Earth.

It will be a message of good hope &amp; positivity for the future.",217666,15384
2023-02-13 21:50:20+00:00,elonmusk,1625251048297496576,@cb_doge @daily_stardust Nice,2982,167
2023-02-13 21:47:04+00:00,elonmusk,1625250227178594304,We will prioritize by number of likes times ease of implementation,46150,3817
2023-02-13 21:45:16+00:00,elonmusk,1625249772180500481,What are your top requests for Twitter features &amp; bug fixes?,231603,19235
2023-02-13 21:39:23+00:00,elonmusk,1625248292006424576,@VincentCrypt46 I voted for Biden üòî,104739,3776
2023-02-13 21:26:41+00:00,elonmusk,1625245096382992384,@Rainmaker1973 Wow,21176,515
2023-02-13 21:20:13+00:00,elonmusk,1625243471580909568,@dogeofficialceo ü§£,17723,498
2023-02-13 21:01:18+00:00,elonmusk,1625238711456907264,@farzyness This is the highest Q1 Twitter usage ever and that is after most fake accounts have been suspended,125592,6182
2023-02-13 19:50:03+00:00,elonmusk,1625220780371083264,@farzyness ü§£,17131,393
2023-02-13 19:42:23+00:00,elonmusk,1625218848059432960,@cb_doge @daily_stardust True :),63022,1189
2023-02-13 04:20:39+00:00,elonmusk,1624986889391407106,@GRDecter Dogecoin,189142,8132
2023-02-13 04:08:05+00:00,elonmusk,1624983724810018819,@SahilBloom True words lol,9960,326
2023-02-13 01:28:48+00:00,elonmusk,1624943640685731840,"Halftime Show Super Bowl LVII
https://t.co/i7jwjvyeOJ",128929,10378
2023-02-12 22:50:22+00:00,elonmusk,1624903770529484801,@DrEliDavid üòÇ,14129,518
2023-02-12 22:44:00+00:00,elonmusk,1624902165981712384,@teslaownersSV @RealDanODowd ü§£,8005,259
2023-02-12 22:43:42+00:00,elonmusk,1624902091272749056,@Ali_TeslaMY @DavidSacks Actual reality of lobbying is crazier than the movie!,17576,724
2023-02-12 22:41:47+00:00,elonmusk,1624901607480766466,@cb_doge Crazy that Starship is real!,7854,434
2023-02-12 22:41:07+00:00,elonmusk,1624901439956062208,Good soundtrack https://t.co/8Rw9mtssTI,16989,1320
2023-02-12 22:37:25+00:00,elonmusk,1624900510737387525,"@EvaFoxU @StationCDRKelly SpaceX commercial terminals, like other commercial products, are meant for private use, not military, but we have not exercised our right to turn them off.

We‚Äôre trying hard to do the right thing, where the ‚Äúright thing‚Äù is an extremely difficult moral question.",6791,597
2023-02-12 22:30:30+00:00,elonmusk,1624898769950216192,"@cb_doge Hopefully, one day we will be the aliens visiting other worlds",93925,4318
2023-02-12 22:29:26+00:00,elonmusk,1624898503267983360,Starship orbital launch attempt soon! https://t.co/sjban6T4yA,104062,8241
2023-02-12 21:12:27+00:00,elonmusk,1624879129505026049,"@paulg Absolutely. Twitter is also a competitor to legacy media for news, so they are fundamentally conflicted.",39805,2046
2023-02-12 21:08:44+00:00,elonmusk,1624878192551948294,@romanyam ü§£,2801,114
2023-02-12 21:02:52+00:00,elonmusk,1624876714068156416,@dogeofficialceo @StationCDRKelly Exactly,26728,829
2023-02-12 21:00:06+00:00,elonmusk,1624876021433368578,"@StationCDRKelly You‚Äôre smart enough not to swallow media &amp; other propaganda bs.

Starlink is the communication backbone of Ukraine, especially at the front lines, where almost all other Internet connectivity has been destroyed.

But we will not enable escalation of conflict that may lead to WW3.",203859,16022
2023-02-12 20:49:54+00:00,elonmusk,1624873453949014017,@farzyness Exactly. This will greatly increase public awareness that a Tesla can drive itself (supervised for now).,10666,483
2023-02-12 20:08:27+00:00,elonmusk,1624863023218450437,@DrEliDavid Seriously?,29471,1122
2023-02-12 19:01:54+00:00,elonmusk,1624846272799854592,"More work team completed over night:

- Removed height penalty affecting tweets with pics/video
- increased # of recommended tweets
- Better tracking of dropped tweets
- Removed filter causing false negatives 
- Removed penalty¬†if user follows author
- Improved reach of retweet",31148,2797
2023-02-12 18:37:04+00:00,elonmusk,1624840022804529152,@MuskUniversity Maybe that‚Äôs what bacteria think as they encounter your water filter,11201,442
2023-02-12 18:34:49+00:00,elonmusk,1624839457395593216,@unusual_whales lol,6737,242
2023-02-12 18:34:07+00:00,elonmusk,1624839280270131200,"Don‚Äôt worry, just some of my üëΩ üõ∏ friends of mine stopping by ‚Ä¶",720665,53622
2023-02-12 18:21:51+00:00,elonmusk,1624836193874747395,@BillyM2k ü§£,8143,273
2023-02-12 10:00:23+00:00,elonmusk,1624709994657779714,@WholeMarsBlog Exactly,19233,693
2023-02-12 08:57:08+00:00,elonmusk,1624694079379640320,@BillyM2k ü§£ü§£,3222,146
2023-02-12 08:54:48+00:00,elonmusk,1624693493997387776,@chris_lamma That‚Äôs pretty much exactly what I look like when searching for snacks at 2am,13402,326
2023-02-12 08:53:07+00:00,elonmusk,1624693067143069702,"@markusreimer v11.3 (single stack) goes to limited beta this week. Probably 11.3.2 before wide release in North America.

Then we adapt for EU roads &amp; submit to regulators. 90% of what we‚Äôve done so far for NA applies WW.",6536,582
2023-02-12 08:21:15+00:00,elonmusk,1624685050615988224,https://t.co/2XEyK6leL0,740482,50911
2023-02-12 08:03:14+00:00,elonmusk,1624680513205338113,@engineers_feed lol,9052,307
2023-02-12 07:56:23+00:00,elonmusk,1624678792550846464,@BillyM2k The giant block lists are problematic. They mess up the recommendation system &amp; create a DDoS vector.,12621,820
2023-02-12 07:44:12+00:00,elonmusk,1624675724044140545,"@TitterTakeover We will transition to using only paid Blue Verified for signals, as otherwise too vulnerable to bot/troll manipulation",6335,436
2023-02-12 07:06:53+00:00,elonmusk,1624666335564427267,@LeahLamarr ü§£,21932,432
2023-02-12 06:56:30+00:00,elonmusk,1624663720155836417,"@MarcusHouse Anecdotally, it wasn‚Äôt as loud as expected",5085,219
2023-02-12 06:52:15+00:00,elonmusk,1624662652751601665,"@cb_doge Yes. Advertising also needs to be semantic keyword-based, so it‚Äôs contextually relevant. Amazingly, ads shown when doing twitter searches don‚Äôt consider the search words! We‚Äôre changing that as fast as possible.",2628,223
2023-02-12 06:46:55+00:00,elonmusk,1624661307550240768,[Oversized font &amp; undersized paragraph spacing will be fixed this week],38980,2346
2023-02-12 06:45:14+00:00,elonmusk,1624660886572126209,"Long day at Twitter HQ with eng team

Two significant problems mostly addressed:

1. Fanout service for Following feed was getting overloaded when I tweeted, resulting in up to 95% of my tweets not getting delivered at all. Following is now pulling from search (aka Earlybird).‚Ä¶",124881,10104
2023-02-12 06:13:12+00:00,elonmusk,1624652825136615424,@BuckSexton Well-said,9975,544
2023-02-12 06:11:48+00:00,elonmusk,1624652471166734337,@ClownWorld_ True,31820,1242
2023-02-12 05:04:24+00:00,elonmusk,1624635509497819136,@stats_feed Certainly feels that way,8698,327
2023-02-12 04:29:17+00:00,elonmusk,1624626672464195584,Starship Super Heavy https://t.co/DgufvqgWCC,171304,10060
2023-02-12 02:45:36+00:00,elonmusk,1624600580974080005,@alx @zerohedge ü§®,35700,1698
2023-02-12 02:39:04+00:00,elonmusk,1624598933908635651,@JaxMicrowave @tuxlemons @EndWokeness ü§£,2080,120
2023-02-12 01:38:11+00:00,elonmusk,1624583615303786496,@BenFrankzyn @joerogan @SpaceForceDoD ü§£,11171,424
2023-02-12 00:21:15+00:00,elonmusk,1624564250881708034,@disclosetv Extremely concerning,126503,7342
2023-02-11 23:21:33+00:00,elonmusk,1624549227908202496,"@MuskUniversity This is the fundamental reason why Tesla was the first new American car company to reach sustained positive cash flow since Chrysler ~100 years ago.

The product has to be compelling enough to overcome a fundamental cost disadvantage.",15237,948
2023-02-11 22:21:08+00:00,elonmusk,1624534026446077954,@WholeMarsBlog Exactly,6570,361
2023-02-11 22:19:45+00:00,elonmusk,1624533677836496896,@teslaownersSV Great Tesla Solar Roof install!,15459,680
2023-02-11 21:11:01+00:00,elonmusk,1624516379914424320,"@RuaneFootball Periscope does partly live on with Spaces, but no question that we need to bring back an even better version of vine",15816,818
2023-02-11 20:04:48+00:00,elonmusk,1624499714522759168,@EvaFoxU Absolutely!!,16309,653
2023-02-11 19:59:52+00:00,elonmusk,1624498472895524864,@MuskUniversity Consciousness should be thought of as a tiny candle in a vast darkness that could easily go out. We should do anything possible to keep that flame alive.,52530,4916
2023-02-11 16:00:43+00:00,elonmusk,1624438288898744328,Some of the smartest people I know actively believe the press ‚Ä¶ amazing,478874,52387
2023-02-11 14:28:12+00:00,elonmusk,1624415006308859905,@JDHaltigan WaPo needs a thorough housecleaning,51212,4455
2023-02-11 14:27:09+00:00,elonmusk,1624414741119787008,@LucentEnergy @teslasolarroof Beautiful work!,8699,401
2023-02-11 14:26:25+00:00,elonmusk,1624414557312798720,@esherifftv üòÇ,6048,229
2023-02-11 14:19:33+00:00,elonmusk,1624412830446534656,This test is at ~50% throttle. Launch attempt next month will be at ~90%.,71824,5815
2023-02-11 13:36:42+00:00,elonmusk,1624402046328909825,"@cb_doge Yeah, those are great features",6280,351
2023-02-10 21:41:02+00:00,elonmusk,1624161545512157184,@jgebbia üáØüáµüáØüáµ Great decision by Japan! üáØüáµüáØüáµ,34505,1990
2023-02-10 21:39:58+00:00,elonmusk,1624161276284006400,@Doritos Try out the Doritos pyramid scheme :),13961,707
2023-02-10 20:59:41+00:00,elonmusk,1624151139116789760,@cb_doge @Twitter @mayemusk @Tesla @SpaceX Top change requests and features?,62282,3094
2023-02-10 20:58:55+00:00,elonmusk,1624150944975044613,@cb_doge @Twitter @mayemusk @Tesla @SpaceX üî•üî•,8073,359
2023-02-10 20:55:20+00:00,elonmusk,1624150045611401221,https://t.co/Q1VvqV5G0i,38482,3532
2023-02-10 20:11:40+00:00,elonmusk,1624139055368916993,@Hyundai @kevinbacon Press the heart,3820,152
2023-02-10 18:19:42+00:00,elonmusk,1624110876159803392,@TheBabylonBee ü§£,12906,459
2023-02-10 18:18:57+00:00,elonmusk,1624110688204627968,@DriveTeslaca Sigh,20557,680
2023-02-10 18:11:27+00:00,elonmusk,1624108803242471424,https://t.co/DyLoEI0Rps,21659,1439
2023-02-10 17:41:54+00:00,elonmusk,1624101364719837185,@teslaownersSV It will change the look of the roads,65519,2659
2023-02-10 17:26:46+00:00,elonmusk,1624097556119818240,@RiaRevealed Legacy blue checks will be removed soon. Those are the ones that are truly corrupt.,125216,9637
2023-02-10 17:12:13+00:00,elonmusk,1624093894031056898,And making a day in the life videos https://t.co/Rfx2qJTKvp,66931,5247
2023-02-10 17:09:24+00:00,elonmusk,1624093186380673024,@BillyM2k ü§£ü§£,17797,640
2023-02-10 11:37:23+00:00,elonmusk,1624009630778298370,"@WholeMarsBlog Yeah, the format is terrible. Update early next week.",22447,1055
2023-02-10 01:57:35+00:00,elonmusk,1623863722262532097,.,274024,17994
2023-02-09 23:23:11+00:00,elonmusk,1623824862673518592,"@CatherinScience I must admit to being congenitally optimistic (SpaceX &amp; Tesla wouldn‚Äôt exist otherwise), but I think 5 years is possible and 10 years is highly likely",9406,730
2023-02-09 23:12:19+00:00,elonmusk,1623822130197708802,"One day, Starship will take us to Mars",128503,11503
2023-02-09 21:20:11+00:00,elonmusk,1623793909959901184,"Team turned off 1 engine just before start &amp; 1 stopped itself, so 31 engines fired overall.

But still enough engines to reach orbit!",63416,5800
2023-02-09 21:00:10+00:00,elonmusk,1623788874899292161,Attempting Starship 33 engine static fire,37587,3336
2023-02-09 20:03:08+00:00,elonmusk,1623774520673972224,@BillyM2k Yes!,11576,521
2023-02-09 18:47:36+00:00,elonmusk,1623755509596835840,"@WholeMarsBlog Too many journalists want to shape your opinion, rather than inform you",181375,20571
2023-02-09 18:22:11+00:00,elonmusk,1623749114524766208,@TrungTPhan It‚Äôs legit day 3 at this point,11407,445
2023-02-09 18:21:23+00:00,elonmusk,1623748915328872454,@TrungTPhan ü§£,4402,173
2023-02-09 08:24:24+00:00,elonmusk,1623598676416561152,@B_Morrows Exactly,4113,310
2023-02-09 08:17:05+00:00,elonmusk,1623596834685091840,@Rainmaker1973 That engine performed an incredible number of transformations to match Mach number!,14269,622
2023-02-09 07:57:19+00:00,elonmusk,1623591862912294912,https://t.co/5cgHGSirJd,20163,2363
2023-02-09 07:51:56+00:00,elonmusk,1623590508433125376,Recommendation algorithm should be fixed tomorrow,150091,10630
2023-02-09 07:48:10+00:00,elonmusk,1623589561103421440,The Woke Stasi felt the heat today üî•,208585,19966
2023-02-09 05:03:08+00:00,elonmusk,1623548027612057602,@BillyM2k @ZubyMusic Multiple internal &amp; external issues simultaneously today. Should be fully back on track later tonight.,8983,1090
2023-02-09 04:59:58+00:00,elonmusk,1623547231940018177,"@JonathanTurley Since he placed many of them there himself, he would indeed not be ‚Äúsurprised‚Äù lmao",60035,5789
2023-02-09 04:49:54+00:00,elonmusk,1623544699083694081,@BillyM2k My pet theory is that too much Adderall is making people grumpy üòÇ https://t.co/HscbKgPRCP,9039,725
2023-02-08 23:55:36+00:00,elonmusk,1623470635078012928,Twitter has been informed by the Turkish government that access will be reenabled shortly,320274,25972
2023-02-08 20:31:02+00:00,elonmusk,1623419151321817088,@JonathanTurley Very concerning,18119,1194
2023-02-08 19:43:21+00:00,elonmusk,1623407154819641345,@WholeMarsBlog True,19896,620
2023-02-08 19:42:41+00:00,elonmusk,1623406984736444416,@FonsDK We are reaching out to understand more,33208,2375
2023-02-08 18:18:12+00:00,elonmusk,1623385726112104449,@Lukewearechange Not a completely unblemished record,33164,1429
2023-02-08 18:14:16+00:00,elonmusk,1623384733471358977,@charliebilello How times have changed,56271,2178
2023-02-08 18:04:53+00:00,elonmusk,1623382375584632834,@WholeMarsBlog ü§£ü§£,4566,193
2023-02-08 18:01:31+00:00,elonmusk,1623381526431023105,@WholeMarsBlog FSD 11.3 is close to limited release. Just drove it through SF &amp; LA yesterday. Probably 11.3.2 is able to go wide.,13691,807
2023-02-08 08:33:51+00:00,elonmusk,1623238667987832834,@farzyness ü§£,13489,417
2023-02-08 07:06:29+00:00,elonmusk,1623216683237396481,@unusual_whales Cracks me up every time ü§£,25729,958
2023-02-08 05:21:10+00:00,elonmusk,1623190177991561219,@engineers_feed Voxel size of the simulation,4345,240
2023-02-08 05:20:25+00:00,elonmusk,1623189990015369216,"@engineers_feed Arguably, the practical limit of pi is the number of digits required to measure radius of the universe in units of Planck length https://t.co/4R8wIL0FzS",15018,1064
2023-02-08 05:08:44+00:00,elonmusk,1623187046943580160,@AutismCapital Plausible,7805,480
2023-02-08 04:50:51+00:00,elonmusk,1623182547373985793,üéØ https://t.co/jL5fjQxTcz,376537,36622
2023-02-08 02:49:44+00:00,elonmusk,1623152067547394050,"Master Plan 3, the path to a fully sustainable energy future for Earth will be presented on March 1. 

The future is bright! https://t.co/11ug0LRlbD",154063,19442
2023-02-08 01:03:17+00:00,elonmusk,1623125279773446145,.,375511,23788
2023-02-07 23:50:38+00:00,elonmusk,1623106997490163713,@iamirishdave @MKBHD ü§£,2384,87
2023-02-07 20:40:01+00:00,elonmusk,1623059025075261443,"@KanekoaTheGreat Wow, Stengel is explicitly saying that GEC is deceiving the American public! That‚Äôs what ‚Äúpropaganda‚Äù means.

What he forgot to mention is that GEC was used to sway US elections. @DOJPH",36545,8797
2023-02-07 18:49:29+00:00,elonmusk,1623031211269718018,@ggreenwald Based bias,41000,2058
2023-02-07 17:49:02+00:00,elonmusk,1623015997082071040,@venturetwins I am DAN!,3855,319
2023-02-07 17:47:17+00:00,elonmusk,1623015554666868737,@venturetwins !,8661,332
2023-02-07 17:41:38+00:00,elonmusk,1623014136258117633,"Going forward, Twitter will be broadly accepting of different values, rather than trying to impose its own specific values on the world",427143,40815
2023-02-07 17:29:30+00:00,elonmusk,1623011082465087488,@growing_daniel ü§£,4919,180
2023-02-07 17:14:59+00:00,elonmusk,1623007428571979777,"@MattMackowiak @Twitter @DavidSacks This is being fixed. Policy against showing blood in profile pic is being amended to ‚Äúclearly showing blood without clicking on the profile pic‚Äù.

The intent is to avoid people being forced to see gruesome profile pics.",36250,1691
2023-02-07 17:03:38+00:00,elonmusk,1623004573060431872,"@braxton_mccoy @ShitpostGate If they really arrested a kid for that, it‚Äôs silly. Hopefully not.",60585,2269
2023-02-07 05:25:48+00:00,elonmusk,1622828957878943745,I feel this one,50180,3927
2023-02-07 05:13:58+00:00,elonmusk,1622825979021492229,https://t.co/tiPbKP8B77,249353,22570
2023-02-07 05:06:55+00:00,elonmusk,1622824202087858176,@XanderSchiassi @EvaFoxU Good point,1467,85
2023-02-07 05:05:03+00:00,elonmusk,1622823733651185664,@JackBox @jackinthebox My bro and I mostly ate at the Palo Alto Jack in the Box while building Zip2. It was affordable due to some food hygiene issues (subsequently corrected!) and open late at night.,1988,127
2023-02-07 04:57:28+00:00,elonmusk,1622821824169127937,@WallStreetSilv !,3425,196
2023-02-07 04:26:34+00:00,elonmusk,1622814050240569344,Actual base level of Maslow‚Äôs hierarchy is lack of wifi,114666,10254
2023-02-07 04:17:42+00:00,elonmusk,1622811818078109698,@TrevMcKendrick Guess people love home improvement,7535,324
2023-02-07 03:00:44+00:00,elonmusk,1622792446894833664,@dogeofficialceo ü§£,10989,349
2023-02-07 02:38:57+00:00,elonmusk,1622786966281654274,@KanekoaTheGreat @mtaibbi @ggreenwald @ShellenbergerMD Of course he‚Äôd like it ‚Äì he created it!,9238,894
2023-02-07 02:36:36+00:00,elonmusk,1622786376247943168,"@GailAlfarATX @ClownWorld_ If that‚Äôs satan, we have nothing to worry about",21366,1127
2023-02-07 02:35:01+00:00,elonmusk,1622785976056832000,@considercosmos @SpaceX Made by humans,40998,1447
2023-02-07 02:19:09+00:00,elonmusk,1622781982202789888,@HowThingsWork_ The level of luck needed to win is insane,41282,2292
2023-02-07 02:17:08+00:00,elonmusk,1622781475270840320,@MKBHD Wow,68451,1422
2023-02-07 01:47:44+00:00,elonmusk,1622774077676220416,@ClownWorld_ End of days vibes,232660,13705
2023-02-07 01:44:10+00:00,elonmusk,1622773181013696512,rtfm,28008,2632
2023-02-07 01:21:13+00:00,elonmusk,1622767403318001664,@DavidSacks @Mike_Rob_Craft Insane Clown Posse?,3045,141
2023-02-07 00:59:42+00:00,elonmusk,1622761988580417537,@Damadeferroofic Will investigate,28417,1245
2023-02-07 00:57:37+00:00,elonmusk,1622761463692640256,@theboimerch7 @BillyM2k üò¨,2356,88
2023-02-07 00:56:16+00:00,elonmusk,1622761125719711744,"@Lukewearechange Almost everywhere you go, everyone is face to their phone",69907,4560
2023-02-07 00:53:51+00:00,elonmusk,1622760517692448769,"@BillyM2k Uh oh. 

Plot involves using fear of a pandemic to get the public to demand lockdowns &amp; then controlling who gets the vaccine. It is masterminded by the head of security of the UN.

One of the best games ever.",21084,3051
2023-02-07 00:51:32+00:00,elonmusk,1622759934210322432,@mtracey Concerning,27605,1959
2023-02-07 00:44:37+00:00,elonmusk,1622758195268669442,It‚Äôs not supposed to be real https://t.co/DpVxOSqJ4M,63861,6080
2023-02-07 00:13:41+00:00,elonmusk,1622750409205882881,@RepThomasMassie Yes,11408,619
2023-02-07 00:11:19+00:00,elonmusk,1622749812784304129,@KanekoaTheGreat And it would be illegal,8915,988
2023-02-07 00:10:27+00:00,elonmusk,1622749594093330432,"@disclosetv The UN is more likely to cause, rather than prevent, disinformation",128095,18783
2023-02-07 00:05:22+00:00,elonmusk,1622748317707821061,"@culturaltutor I haven‚Äôt seen a scroll in ages, but we use that word for computer screens üìú",24399,680
2023-02-07 00:01:18+00:00,elonmusk,1622747293689561089,@Saikmedi This is a major problem,14139,692
2023-02-06 23:59:48+00:00,elonmusk,1622746916999102465,@TrungTPhan üî•üî•,4924,196
2023-02-06 23:57:32+00:00,elonmusk,1622746344019439616,@TheChiefNerd Oh the irony,54946,2290
2023-02-06 23:56:16+00:00,elonmusk,1622746027152273409,"@ray4tesla Hopefully, humanity will reach Mars in 20 years",64215,3346
2023-02-06 23:53:22+00:00,elonmusk,1622745298438176770,Read this thread for more detail,23880,6034
2023-02-06 23:38:30+00:00,elonmusk,1622741554338177025,@tyromper Everybody dies some day,12366,951
2023-02-06 23:36:00+00:00,elonmusk,1622740927256182784,That is the line they fed the media about me,42611,3753
2023-02-06 23:34:51+00:00,elonmusk,1622740637891149825,They are a threat to our democracy,50226,5536
2023-02-06 23:32:16+00:00,elonmusk,1622739987031552002,"The worst offender in US government censorship &amp; media manipulation is an obscure agency called GEC
https://t.co/z6h5975anw",115030,28482
2023-02-06 23:28:53+00:00,elonmusk,1622739134719590402,@alifarhat79 Maybe that‚Äôs what‚Äôs meant the Beyond part,10913,503
2023-02-06 21:49:51+00:00,elonmusk,1622714213876498432,@Lukewearechange Most are oblivious to the danger,52259,3486
2023-02-06 21:28:53+00:00,elonmusk,1622708936863350793,@TrungTPhan üî•üî•,5074,222
2023-02-06 21:22:43+00:00,elonmusk,1622707384438194197,@zebulgar üî•üî•,17951,822
2023-02-06 18:46:46+00:00,elonmusk,1622668136834113563,"Hopefully, Starship this year",36111,3028
2023-02-06 18:45:04+00:00,elonmusk,1622667709887520804,@TomFitton @WSJ @Twitter üéØ,6664,526
2023-02-06 16:24:57+00:00,elonmusk,1622632449032200192,@runews @CommunityNotes please correct the above numbers,2452,149
2023-02-06 16:06:43+00:00,elonmusk,1622627861013180417,üòÖ,37518,3212
2023-02-06 16:04:49+00:00,elonmusk,1622627382078185473,@TheBabylonBee ü§£ü§£,15089,458
2023-02-06 15:55:29+00:00,elonmusk,1622625034538811395,@Liv_Boeree Concerning,33898,1407
2023-02-06 15:14:55+00:00,elonmusk,1622614826101997568,@Cernovich Good,11603,365
2023-02-06 05:04:45+00:00,elonmusk,1622461270573125632,@runews A tragic loss of life,70525,3713
2023-02-06 03:41:10+00:00,elonmusk,1622440235203264517,@emin_adin @SpaceX Starlink is not approved by Turkish government yet. SpaceX can send as soon as approved.,169895,16219
2023-02-06 01:42:07+00:00,elonmusk,1622410277974118401,@I_Katchanovski ??,22728,1393
2023-02-06 00:06:36+00:00,elonmusk,1622386236991148034,@SPACEdotcom !,14388,696
2023-02-05 23:23:52+00:00,elonmusk,1622375485362651137,@TitterTakeover @Shopify @tobi @ptraughber @Twitter @ShopifyRebels Thanks @shopify!,6162,233
2023-02-05 23:22:47+00:00,elonmusk,1622375212397240322,@disclosetv @TwitterSupport We think we fixed this bug today. Please lmk if you‚Äôre still seeing it.,18513,923
2023-02-05 23:14:53+00:00,elonmusk,1622373225438089216,"@DriveTeslaca * attempt to launch in March. Success is far from certain, but excitement is guaranteed.",43434,2034
2023-02-05 23:12:51+00:00,elonmusk,1622372713401651202,@ATabarrok üòÇ,9938,328
2023-02-05 23:12:04+00:00,elonmusk,1622372516080635905,"@unusual_whales To be extra clear, Twitter is definitely not financially healthy yet, but is trending to be so. Lots of work still needed to get there.",84898,4483
2023-02-05 19:38:49+00:00,elonmusk,1622318847641411584,@igorsushko !,8934,402
2023-02-05 18:59:21+00:00,elonmusk,1622308918159343623,@MichaelCoudrey We would love to. Just waiting for government approvals.,7794,428
2023-02-05 18:56:19+00:00,elonmusk,1622308152380198918,@westcoastbill Just posted https://t.co/Q1VvqV58aK in Italian for those in Italy that may wish to have it for primary or backup Internet connectivity,17931,1431
2023-02-05 18:53:25+00:00,elonmusk,1622307425226313729,Disponibile in Italia! https://t.co/Q1VvqV58aK https://t.co/CbTQCMg7oT,115283,10529
2023-02-05 18:50:59+00:00,elonmusk,1622306810337050627,@zerohedge Wow,24635,1036
2023-02-05 18:45:21+00:00,elonmusk,1622305392213590024,@cb_doge I‚Äôm worried about me too :(,237529,8118
2023-02-05 18:43:42+00:00,elonmusk,1622304978487361537,"@Wealth_Theory @gummibear737 @WSJ Daily user count &amp; total user minutes are still strong, but engagement on some accounts is weirdly low",3109,233
2023-02-05 18:36:39+00:00,elonmusk,1622303205106356227,@WSJ Thank you for supporting Twitter ‚ô•Ô∏è‚ô•Ô∏è,58488,3798
2023-02-05 18:31:59+00:00,elonmusk,1622302030948622344,"@gummibear737 @WSJ We‚Äôve found &amp; corrected some smaller issues, but there is something fundamental that we haven‚Äôt uncovered yet. Top priority for Twitter this week.",7064,830
2023-02-05 18:29:33+00:00,elonmusk,1622301419276476417,@teslaownersSV @WSJ Similar,4163,171
2023-02-05 18:22:59+00:00,elonmusk,1622299765848395779,"@WSJ Last 3 months were extremely tough, as had to save Twitter from bankruptcy, while fulfilling essential Tesla &amp; SpaceX duties. Wouldn‚Äôt wish that pain on anyone.

Twitter still has challenges, but is now trending to breakeven if we keep at it. Public support is much appreciated!",160764,10951
2023-02-05 15:53:30+00:00,elonmusk,1622262145390972929,"@ScottAdamsSays Documentaries are dangerous in this way. That said, MJ clearly had major issues. No documentary needed for that.",7441,440
2023-02-05 03:57:46+00:00,elonmusk,1622082025166442505,"@PepitoTheCat @BillyM2k @ericnakagawa Responding to feedback, Twitter will enable a light, write-only API for bots providing good content that is free",5653,1068
2023-02-05 03:51:34+00:00,elonmusk,1622080465418043392,@teslaownersSV Production will have red light bar,80903,2271
2023-02-05 03:51:02+00:00,elonmusk,1622080331388952578,@FonsDK @SpaceX Probably more,21326,734
2023-02-05 03:49:03+00:00,elonmusk,1622079831000195072,@BBCBreaking https://t.co/sUIV9eYTWk,299847,19793
2023-02-04 22:34:50+00:00,elonmusk,1622000758617939969,"@teslaownersSV V11 has been tougher than expected, as  it is a significant rearchitecture of NNs, plus many more NNs replacing C++. Hoping to ship v11.3 end of week.",6043,555
2023-02-04 22:31:43+00:00,elonmusk,1621999974161547267,@cb_doge ü§£,3516,132
2023-02-04 22:30:55+00:00,elonmusk,1621999771677245444,"@Teslaconomics Very hard car to build, as it is unlike any other, but, as stated publicly, Cybertruck production starts this year",74834,3800
2023-02-04 22:26:43+00:00,elonmusk,1621998713806721025,https://t.co/gbkqVT3MXq,144380,9448
2023-02-04 22:26:14+00:00,elonmusk,1621998592985632769,@dogeofficialceo ü§£,7434,215
2023-02-04 22:25:36+00:00,elonmusk,1621998434289942529,"@TeslaOwnersEBay If remaining tests go well, we will attempt a Starship launch next month",31919,1751
2023-02-04 22:20:52+00:00,elonmusk,1621997242268766212,420,550029,52494
2023-02-04 22:17:35+00:00,elonmusk,1621996414124310528,Actually happened to me https://t.co/TEkak5BcFZ,312836,23192
2023-02-04 21:57:03+00:00,elonmusk,1621991249254223878,Ordered ‚ÄúHow to Scam‚Äù book months ago but still not arrived. Starting to think it could be ‚Ä¶ but no I‚Äôm sure it‚Äôs coming soon.,278921,18676
2023-02-04 20:57:56+00:00,elonmusk,1621976370447278082,@Neuro_Skeptic That it lacks wit,2673,168
2023-02-04 20:53:34+00:00,elonmusk,1621975270755278851,@OriolVinyalsML @ylecun Petty tech beefs are one of the reasons I like this site üòÇ,2194,132
2023-02-04 20:50:54+00:00,elonmusk,1621974601008926722,@micsolana üòÇ,8719,348
2023-02-04 14:59:00+00:00,elonmusk,1621886041245237253,@cb_doge ü§£,23123,738
2023-02-04 14:42:55+00:00,elonmusk,1621881994375299073,@d4t4wr4ngl3r ü§£ü§£,21269,799
2023-02-04 14:41:25+00:00,elonmusk,1621881617978429440,@BillyM2k @cb_doge ü§£ it‚Äôs a fair cop,5884,257
2023-02-04 08:52:05+00:00,elonmusk,1621793704175362050,@TheJackForge ü§£,22164,628
2023-02-04 03:58:32+00:00,elonmusk,1621719831249567744,@tobi !,9273,403
2023-02-04 03:58:04+00:00,elonmusk,1621719712429129728,@TrungTPhan ü§£,36531,956
2023-02-04 01:56:17+00:00,elonmusk,1621689064293339136,@TheBabylonBee ü§£,24419,861
2023-02-03 23:44:23+00:00,elonmusk,1621655873641930752,@ErikaAwakening You‚Äôre right,2931,156
2023-02-03 23:37:47+00:00,elonmusk,1621654211908997121,@Tesla Manufactured in California!,38506,1831
2023-02-03 23:36:45+00:00,elonmusk,1621653950947799042,"Thank goodness, the wisdom of the people has prevailed!

I am deeply appreciative of the jury‚Äôs unanimous finding of innocence in the Tesla 420 take-private case.",266321,19066
2023-02-03 22:20:24+00:00,elonmusk,1621634735582875648,@Jason Absolutely,14817,771
2023-02-03 21:48:27+00:00,elonmusk,1621626697320923136,@cb_doge @Tesla @mayemusk @SpaceX Truth is stranger than fiction,92865,3643
2023-02-03 17:04:18+00:00,elonmusk,1621555189806399488,@cb_doge @mayemusk @Tesla @Twitter More to come on this front. Twitter needs to be where a creator is most highly rewarded for their time &amp; talent.,94885,6465
2023-02-03 16:31:09+00:00,elonmusk,1621546844882079744,"@firesideint Twitter‚Äôs legacy Blue Verified is unfortunately deeply corrupted, so will sunset in a few months",8698,966
2023-02-03 16:23:48+00:00,elonmusk,1621544996167122944,"To be eligible, the account must be a subscriber to Twitter Blue Verified",67924,5014
2023-02-03 16:21:49+00:00,elonmusk,1621544497388875777,"Starting today, Twitter will share ad revenue with creators for ads that appear in their reply threads",326369,29243
2023-02-03 15:36:06+00:00,elonmusk,1621532990676533249,@mtaibbi Wow,15492,870
2023-02-03 08:33:45+00:00,elonmusk,1621426702294609921,@PepitoTheCat @BillyM2k @ericnakagawa I guess we could give all Verified users access to the API for posts like this,5188,365
2023-02-03 06:37:36+00:00,elonmusk,1621397472756256770,@ShantMM ü§£,72177,2245
2023-02-03 00:06:07+00:00,elonmusk,1621298953819131905,@WholeMarsBlog Sucks that I had to sell so much Tesla stock to do so (sigh),16575,914
2023-02-03 00:04:51+00:00,elonmusk,1621298634573897728,@WholeMarsBlog Me neither,103457,2856
2023-02-03 00:03:03+00:00,elonmusk,1621298181941374976,"@DriveTeslaca Yeah. Still many small tweaks to make it better (and the side mirrors are removable by owner), but this is very close to production design.",36534,1569
2023-02-02 23:31:46+00:00,elonmusk,1621290309480247299,"@BillyM2k @ericnakagawa Yuh, that is par for the course",3209,174
2023-02-02 23:30:37+00:00,elonmusk,1621290018101948418,@TitterTakeover Super appreciate support of @NFL &amp; major advertisers &amp; congrats to Twitter team!,40463,1703
2023-02-02 23:29:12+00:00,elonmusk,1621289664140419072,@TitterTakeover @Twitter Progress!,87343,2801
2023-02-02 21:31:05+00:00,elonmusk,1621259936524300289,"@BillyM2k @ericnakagawa Yeah, free API is being abused badly right now by bot scammers &amp; opinion manipulators. There‚Äôs no verification process or cost, so easy to spin up 100k bots to do bad things.

Just ~$100/month for API access with ID verification will clean things up greatly.",10125,2114
2023-02-02 16:44:02+00:00,elonmusk,1621187697980375040,Congrats Falcon &amp; Starlink teams!,53559,4699
2023-02-02 16:33:15+00:00,elonmusk,1621184987348500481,@BillyM2k Reply threads are the modern forum for debates,4608,314
2023-02-02 16:31:53+00:00,elonmusk,1621184642782236675,@BillyM2k True,2348,140
2023-02-02 16:30:44+00:00,elonmusk,1621184354566406144,"In turbulent economic times, be wary of using margin loans to buy stock",173102,13637
2023-02-02 16:25:53+00:00,elonmusk,1621183130928558080,@AwakenWithJP Very effective,16749,463
2023-02-02 16:17:09+00:00,elonmusk,1621180934736461829,@DrJBhattacharya Wow,10035,672
2023-02-02 09:05:10+00:00,elonmusk,1621072222013235200,@0xfoobar ü§£ü§£,7499,281
2023-02-02 08:22:47+00:00,elonmusk,1621061554371436544,"@Rainmaker1973 Humanity takes up very little of Earth‚Äôs surface area ‚Äì you can fit the entire population of Earth in New York City on one floor (@waitbutwhy)

https://t.co/jdzbQsSWzd",44911,7452
2023-02-02 08:16:45+00:00,elonmusk,1621060036863868928,@TheBabylonBee ü§£,18861,638
2023-02-02 06:10:49+00:00,elonmusk,1621028346112131073,@jakeshieldsajj üî•üî•,20794,568
2023-02-02 06:01:02+00:00,elonmusk,1621025885125222402,@TrungTPhan It‚Äôs coming,119666,4034
2023-02-02 05:59:12+00:00,elonmusk,1621025421637857280,This helped identify some issues with the system. Should be addressed by next week.,65059,3548
2023-02-02 05:55:20+00:00,elonmusk,1621024450312564736,@monitoringbias Interesting,1668,91
2023-02-01 20:07:38+00:00,elonmusk,1620876548629999617,@LeighWolf It is a serious concern,296803,6589
2023-02-01 19:42:42+00:00,elonmusk,1620870276279042048,@nichegamer Something fundamental is wrong,148663,1646
2023-02-01 18:49:33+00:00,elonmusk,1620856898668072962,@98CRuE6 @ShellenbergerMD True,2745,63
2023-02-01 18:48:04+00:00,elonmusk,1620856525119168512,@ShellenbergerMD Accurate,13569,168
2023-02-01 18:40:24+00:00,elonmusk,1620854595579969536,@Liv_Boeree üíØ,48849,591
2023-02-01 06:16:47+00:00,elonmusk,1620667460600107009,"@OwenGregorian @ScottAdamsSays All things considered, this is the better approach imo",71329,251
2023-02-01 06:06:25+00:00,elonmusk,1620664851663319042,Made my account private until tomorrow morning to test whether you see my private tweets more than my public ones,701221,3373
2023-02-01 05:41:04+00:00,elonmusk,1620658469115424769,@BillyM2k We‚Äôre also reviewing ad rev share for ads in a creator‚Äôs tweet replies ‚Äì create an interesting thread and get paid for it!,7705,275
2023-02-01 05:36:42+00:00,elonmusk,1620657370811752448,@cb_doge @mayemusk @Tesla I was just reviewing the production beta Cybertruck. It is incredible.,59160,449
2023-02-01 05:32:41+00:00,elonmusk,1620656363117613056,@libsoftiktok Something is wrong,55917,603
2023-02-01 05:31:00+00:00,elonmusk,1620655936665952256,"@BillyM2k You‚Äôre welcome. Axed them yesterday to focus on enabling writers to add essays as attachments to tweets.

Combined with improvements to creator subscriptions (fka superfollow), you will be able to publish directly on Twitter &amp; get paid for it.

Beta version launching next week.",7509,276
2023-02-01 05:26:27+00:00,elonmusk,1620654794519244800,@dogeofficialceo @WallStreetSilv @WholeMarsBlog @BillyM2k ü§£,10431,112
2023-02-01 05:25:00+00:00,elonmusk,1620654428809469952,@micsolana üòÇ,2586,65
2023-02-01 05:24:18+00:00,elonmusk,1620654251847614464,@jgebbia @ziontree üòÇ,1801,41
2023-02-01 05:16:13+00:00,elonmusk,1620652218235121666,@WallStreetSilv Wise words,21648,321
2023-02-01 04:54:01+00:00,elonmusk,1620646629752868866,@jcn92977110 „Çè„Åã„Çä„Åæ„Åó„Åü,12124,1877
2023-02-01 03:56:47+00:00,elonmusk,1620632227595051008,@MrAndyNgo @pwsyme Business Insider is not a real publication,11503,700
2023-02-01 03:52:10+00:00,elonmusk,1620631065542156292,@RepDanBishop @ShellenbergerMD No one is above the Constitution,8894,733
2023-02-01 03:42:03+00:00,elonmusk,1620628518035128320,@TheBabylonBee Accurate https://t.co/xflwJJqQSd,19521,882
2023-02-01 03:38:03+00:00,elonmusk,1620627512090058752,"@ElijahSchaffer It expresses this view without a shred of doubt, which is discordant with the scientific method",117428,1844
2023-02-01 03:32:38+00:00,elonmusk,1620626151315210243,@EvaFoxU @stillgray Investigating,6013,200
2023-01-31 22:48:12+00:00,elonmusk,1620554568391352320,"@stillgray Wow, this is extremely concerning",13180,975
2023-01-31 21:34:53+00:00,elonmusk,1620536119522922497,"@BillyM2k @Gerashchenko_en SpaceX Starlink has become the connectivity backbone of Ukraine all the way up to the front lines. This is the damned if you do part. 

However, we are not allowing Starlink to be used for long-range drone strikes. This is the damned if you don‚Äôt part.",12400,1241
2023-01-31 21:14:03+00:00,elonmusk,1620530876785524736,"@Gerashchenko_en Damned if you do, damned if you don‚Äôt",104488,3527
2023-01-31 21:02:03+00:00,elonmusk,1620527856056147968,@JonErlichman True,12596,398
2023-01-31 20:33:33+00:00,elonmusk,1620520684953935872,"@TaraBull808 Yeah, it‚Äôs bizarre!",12730,608
2023-01-31 20:32:41+00:00,elonmusk,1620520467722539008,Another batch of Starlinks in orbit. These will mostly support high latitude connectivity.,49298,3327
2023-01-31 20:27:37+00:00,elonmusk,1620519190166900737,@stillgray @Lukewearechange They are behind the times,8090,507
2023-01-31 20:25:40+00:00,elonmusk,1620518701673107456,"Hydro, nuclear fission &amp; geothermal will also be significant parts of the solution",53299,2972
2023-01-31 20:22:35+00:00,elonmusk,1620517922354659339,@Lukewearechange Accurate,34219,1519
2023-01-31 20:20:29+00:00,elonmusk,1620517394417614849,@ZaleskiLuke You are an expert in propaganda üòÇ,16637,791
2023-01-31 20:17:26+00:00,elonmusk,1620516627254231040,"Wind &amp; solar, combined with batteries, will solve sustainable energy for Earth",52943,4966
2023-01-31 19:53:48+00:00,elonmusk,1620510679424995328,"@Erdayastronaut @flightclubio Expendable upper stage may or may not fly, but it is an option",6563,303
2023-01-31 19:50:44+00:00,elonmusk,1620509910072201216,"@TheChiefNerd Once again, parody &amp; reality are indistinguishable üòÇ",26125,1415
2023-01-31 19:49:02+00:00,elonmusk,1620509478901940224,@TaraBull808 The war is escalating quickly,153175,8940
2023-01-31 19:47:02+00:00,elonmusk,1620508979343532033,"@JeffBezos @Nick_Offerman Great game, great show",24019,692
2023-01-31 19:45:55+00:00,elonmusk,1620508697456951296,@greg_price11 !!,17529,881
2023-01-31 19:45:27+00:00,elonmusk,1620508579794137088,"Over time, we expect Giga Nevada to be almost entirely solar-powered",42569,1686
2023-01-31 19:06:27+00:00,elonmusk,1620498762945929218,"It‚Äôs already the biggest battery cell, pack &amp; electric motor factory in Americas",56770,2445
2023-01-31 19:04:49+00:00,elonmusk,1620498352214532096,What the Tesla Giga Nevada factory will look like when finished. https://t.co/0O5U8jRerQ,231526,11693
2023-01-31 18:59:31+00:00,elonmusk,1620497021416398850,"Good meeting with @ThierryBreton regarding EU DSA. The goals of transparency, accountability &amp; accuracy of information are aligned with ours.

@CommunityNotes will be transformational for the latter.",28037,2287
2023-01-31 18:28:36+00:00,elonmusk,1620489240860819457,@TitterTakeover üî•üî•,6519,220
2023-01-31 10:37:26+00:00,elonmusk,1620370666544594944,@dictionaryhill Makes my eyes hurt to look at it,31608,999
2023-01-31 08:17:53+00:00,elonmusk,1620335546395656193,@dividendgrowth1 @JonErlichman Why margin loans should be avoided in turbulent macroeconomic conditions,1897,147
2023-01-31 08:02:57+00:00,elonmusk,1620331788748083200,@alx @MuskUniversity üßê,5083,380
2023-01-31 07:46:47+00:00,elonmusk,1620327721376321539,@BillyM2k @MuskUniversity It‚Äôs weird when they use the exact same words almost simultaneously,5553,475
2023-01-31 07:35:56+00:00,elonmusk,1620324990808907776,@BillyM2k @DavidSacks Turns out that hell is just twitter lol,4910,311
2023-01-31 07:34:54+00:00,elonmusk,1620324728501329921,@stephsmithio ü§£,8799,286
2023-01-31 07:32:42+00:00,elonmusk,1620324176476389377,@BBCScienceNews Most ironic thing I‚Äôve read in a while. How much wood could a woodcock ‚Ä¶,12680,590
2023-01-31 06:48:04+00:00,elonmusk,1620312942439985152,@TrungTPhan Yikes,1164,65
2023-01-31 06:46:42+00:00,elonmusk,1620312600499347456,@TrungTPhan ü§£,1386,72
2023-01-31 04:56:12+00:00,elonmusk,1620284790405738497,@BillyM2k @DavidSacks Here we are in the afterlife,8061,475
2023-01-31 04:43:31+00:00,elonmusk,1620281601514172416,@teslaownersSV Exactly,11623,510
2023-01-31 02:54:03+00:00,elonmusk,1620254052746690560,Just leaving the engine bay of Starship https://t.co/JTnFfNaymh,267953,16365
2023-01-30 22:28:15+00:00,elonmusk,1620187161336377345,"@MrAndyNgo @pwsyme I don‚Äôt know this person at all, but explicit threats of violence obviously violate Twitter ToS",40313,2707
2023-01-30 17:16:35+00:00,elonmusk,1620108727083991040,@TeslaHype Less than Chuck Norris though,111804,3064
2023-01-30 17:14:58+00:00,elonmusk,1620108321687744518,@MuskUniversity Does seem odd,23011,1258
2023-01-30 17:13:02+00:00,elonmusk,1620107834229923842,@NoTSarno @unusual_whales A little,2339,88
2023-01-30 17:04:31+00:00,elonmusk,1620105689254490112,@unusual_whales Cue Eric Andr√© meme,15093,542
2023-01-30 16:57:38+00:00,elonmusk,1620103958651076608,@WR4NYGov Looks like Tesla is doing ok,4533,280
2023-01-30 09:09:24+00:00,elonmusk,1619986125275414530,@DavidSacks Exactly,23403,1112
2023-01-30 08:58:51+00:00,elonmusk,1619983467370147842,@BillyM2k Chuck Norris could recover all the funds from FTX,87350,4941
2023-01-30 03:47:08+00:00,elonmusk,1619905023567351809,@FonsDK Absolutely,3777,248
2023-01-30 03:36:07+00:00,elonmusk,1619902249656025090,"@OPhommachanh Somehow, the sign sorta works",12072,376
2023-01-30 03:23:48+00:00,elonmusk,1619899152019906562,https://t.co/zXeDTL7LFm,510023,61741
2023-01-30 03:23:22+00:00,elonmusk,1619899042045267968,@itsALLrisky Well-said,3088,208
2023-01-30 03:21:08+00:00,elonmusk,1619898477835866113,@BillyM2k @Jason üòÇüíØ,3976,198
2023-01-30 02:50:45+00:00,elonmusk,1619890832865390593,@DavidSacks The lesson of history is that countries do not heed the lesson of history,94115,8142
2023-01-30 02:40:36+00:00,elonmusk,1619888279817719808,[thing],41181,1800
2023-01-30 02:40:22+00:00,elonmusk,1619888221881794560,Resist the current,51910,2877
2023-01-29 19:03:47+00:00,elonmusk,1619773318915313664,Œ©,214937,13744
2023-01-29 18:50:58+00:00,elonmusk,1619770090530181120,https://t.co/b75ucHAn1w,136831,19677
2023-01-29 18:46:02+00:00,elonmusk,1619768849146187776,Disingenuous response from Hamilton 68 regarding their fake claims of Russian interference,45624,7266
2023-01-29 18:31:31+00:00,elonmusk,1619765195668353024,@EvaFoxU The brothers were very grim indeed!,16313,498
2023-01-29 18:29:57+00:00,elonmusk,1619764804167811072,@BillyM2k wise words,19659,769
2023-01-29 18:29:26+00:00,elonmusk,1619764672101781504,@EvaFoxU ü§£,12711,355
2023-01-29 18:29:12+00:00,elonmusk,1619764612551045120,@JonErlichman Oddly reassuring,19906,667
2023-01-29 18:28:04+00:00,elonmusk,1619764329754296320,@dockaurG Government overreach,34859,2717
2023-01-29 16:50:27+00:00,elonmusk,1619739764898557952,@GuyDealership ü§£,15969,433
2023-01-29 06:04:17+00:00,elonmusk,1619577150058954754,@mhauken Useful,16135,512
2023-01-29 05:45:53+00:00,elonmusk,1619572517580214272,@ChrisJBakke I could *really* use those features,2743,122
2023-01-29 05:30:51+00:00,elonmusk,1619568734292819968,@ChrisJBakke ü§£,13847,390
2023-01-29 03:49:33+00:00,elonmusk,1619543242634330113,@mysteriouskat Good feature list,6123,332
2023-01-29 03:28:11+00:00,elonmusk,1619537866572587011,@MaidQuitNoChef @JennaEllisEsq @atensnut @TwitterSupport Am hearing this from many people. Will investigate.,4708,241
2023-01-29 03:10:52+00:00,elonmusk,1619533506228649985,@BillyM2k ü§£ü§£,7416,369
2023-01-29 02:58:20+00:00,elonmusk,1619530354842546176,@unusual_whales I‚Äôm sure everything will be fine,58650,2670
2023-01-29 02:30:13+00:00,elonmusk,1619523280255463424,@JarennC @WWE @LoganPaul @KingRicochet It‚Äôs only a matter of time üòÇ,4729,233
2023-01-29 02:13:14+00:00,elonmusk,1619519004540047360,"@BBrownCFCVT @IamTheImmortal Next app update will make For You or Following choice persist.

Agreed that recommended tweets should be more chronologically ordered. They cannot be entirely so.",1839,129
2023-01-29 01:27:31+00:00,elonmusk,1619507497982914561,@teslaownersSV ‚Äúand he‚Äôs building a giant rocket to get back to his home planet!‚Äù,116875,5791
2023-01-29 01:18:32+00:00,elonmusk,1619505238251278341,@SRuhle This is the Tweet for which was condemned (and which I deleted within hours of posting) https://t.co/ldPwaKPEpH,3806,252
2023-01-29 01:14:55+00:00,elonmusk,1619504327663714304,@SRuhle https://t.co/79KLYgGGLj,4317,163
2023-01-29 01:04:17+00:00,elonmusk,1619501654440812544,@IamTheImmortal Working on it,18167,521
2023-01-29 01:02:35+00:00,elonmusk,1619501225736822786,@EvaFoxU @SRuhle That is rather rare,5374,206
2023-01-29 00:36:40+00:00,elonmusk,1619494703736717317,https://t.co/FQWmkUM8yB,374921,25809
2023-01-28 23:12:30+00:00,elonmusk,1619473521549406208,"@mikeduncan @AmesCG How exactly is it breaking down? You‚Äôre literally using it right now.

And why are you objecting to hearing from people with views that differ from yours? That is at odds with what you espouse in your (excellent) podcast.",2607,235
2023-01-28 23:04:40+00:00,elonmusk,1619471548406190082,@SRuhle I did,86313,2158
2023-01-28 23:03:43+00:00,elonmusk,1619471312476594176,@mikeduncan lol,4291,184
2023-01-28 23:00:15+00:00,elonmusk,1619470436789788672,@mikeduncan üí£ ü§£,1718,90
2023-01-28 22:26:03+00:00,elonmusk,1619461831998976002,"@mikeduncan That‚Äôs incorrect. You‚Äôre only half the product, as you get half the ads.

We will offer a no ads subscription soon.",1762,107
2023-01-28 22:03:11+00:00,elonmusk,1619456077380321280,@DavidSacks Exactly,15534,1242
2023-01-28 22:02:38+00:00,elonmusk,1619455937504481281,@lhfang @DavidSacks This is the biggest journalism scam in a very long time,63565,8900
2023-01-28 19:51:40+00:00,elonmusk,1619422979116642304,@SawyerMerritt @Tesla @GoodFaithEnergy They did a great job!,17334,692
2023-01-28 19:51:15+00:00,elonmusk,1619422874254872576,@GoodFaithEnergy Congrats on a beautiful Tesla Solar Roof installation!,12789,583
2023-01-28 19:42:54+00:00,elonmusk,1619420772015169536,@TrungTPhan !!,5285,242
2023-01-28 19:42:18+00:00,elonmusk,1619420622362382336,"@teslaownersSV You‚Äôre welcome. 

Note: apparent engagement on Twitter will seem lower, as bots would like/follow/retweet much more than people,
but now you know it‚Äôs real.",9895,788
2023-01-28 19:39:28+00:00,elonmusk,1619419909355900928,@mkapor Wow,3815,155
2023-01-28 19:38:23+00:00,elonmusk,1619419638873595905,Another major improvement in timeline refresh speed just released ‚Äì now 10X faster than a few months ago,147339,10724
2023-01-28 19:28:23+00:00,elonmusk,1619417122526068736,@JennaEllisEsq @atensnut https://t.co/eLKkBWN5G0,5595,563
2023-01-28 19:23:25+00:00,elonmusk,1619415871902056449,"@atensnut Nonetheless, I apologize",9061,522
2023-01-28 02:44:31+00:00,elonmusk,1619164489710178307,@tn_daki @ShitpostGate Yup,31525,663
2023-01-28 02:38:09+00:00,elonmusk,1619162885774770178,@EvaFoxU ü§£ü§£,10066,318
2023-01-28 02:24:00+00:00,elonmusk,1619159326014459904,@uscounteraction ü§î,10046,456
2023-01-28 02:09:37+00:00,elonmusk,1619155704564318208,@DrAnitaBEtin Had me there for a minute,135269,2981
2023-01-28 02:07:58+00:00,elonmusk,1619155291429564416,@MotherJones @mtaibbi Good for you. Taibbi has the emails &amp; docs.,4692,318
2023-01-28 01:29:13+00:00,elonmusk,1619145539802796033,"I work all day, then go home &amp; play work simulator",373044,21744
2023-01-28 01:02:00+00:00,elonmusk,1619138688356876288,@Rainmaker1973 And hunt your enemies,8354,429
2023-01-28 00:59:41+00:00,elonmusk,1619138108188147713,@BillyM2k @APStylebook üíØü§£,4668,212
2023-01-28 00:51:05+00:00,elonmusk,1619135944623554561,@jgebbia They should keep them operating!,36679,1634
2023-01-27 23:29:36+00:00,elonmusk,1619115435168759808,@farzyness No way,13638,417
2023-01-27 23:14:05+00:00,elonmusk,1619111533216403456,@mtaibbi Please correct your bs @PolitiFact &amp; @snopes,29113,4443
2023-01-27 22:52:55+00:00,elonmusk,1619106207016554498,@WallStreetSilv A quarter of all taxes just to pay the interest on the debt,65682,7750
2023-01-27 21:28:26+00:00,elonmusk,1619084945464639489,"@nudubabba @mikeduncan Yeah, whole thing",1354,82
2023-01-27 21:12:16+00:00,elonmusk,1619080876897214485,@TaraBull808 That‚Äôs way more monkeys than the movie!,6500,485
2023-01-27 21:07:56+00:00,elonmusk,1619079786630098945,@all_in_tok @DavidSacks @chamath @Jason @friedberg ü§£,7457,290
2023-01-27 21:03:39+00:00,elonmusk,1619078707942924302,@mikeduncan You should see what I get,12016,486
2023-01-27 20:28:38+00:00,elonmusk,1619069893344903172,Nothing conveys gravitas better than being called Mr. Tweet üê•,183590,11096
2023-01-27 20:13:51+00:00,elonmusk,1619066176113606656,So then why do call yourself ‚ÄúThe‚Äù Associated Press üòÇ https://t.co/DPdQYjXfdO,144290,15486
2023-01-27 20:09:49+00:00,elonmusk,1619065159238156288,@TheRabbitHole84 Oh the irony ü§£,16817,753
2023-01-27 20:08:01+00:00,elonmusk,1619064707272552449,"@mtaibbi @MotherJones Well, @MotherJones, are you going to retract your fake stories or simply hope that people forget about them?",36446,4873
2023-01-27 20:03:19+00:00,elonmusk,1619063525011509248,@mikeduncan Do you care about the truth or what is ‚Äúleft‚Äù or ‚Äúright‚Äù? What matters more to you?,4922,386
2023-01-27 19:59:35+00:00,elonmusk,1619062584271069184,@mtaibbi @maddow She is blinded by hatred,17647,1560
2023-01-27 19:56:01+00:00,elonmusk,1619061686497083392,@micsolana ü§£ü§£,6689,270
2023-01-27 19:54:00+00:00,elonmusk,1619061178046771200,@stevenmarkryan @teslaownersSV @RiskReversal Haha üíØ. This doofus actually believes what the media writes about me.,4514,311
2023-01-27 19:50:07+00:00,elonmusk,1619060202795597825,@andst7 Italy &amp; many other nations are dying üòî,4164,831
2023-01-27 19:48:44+00:00,elonmusk,1619059852210503680,An American group made false claims about Russian election interference to interfere with American elections,79938,19996
2023-01-27 19:21:17+00:00,elonmusk,1619052945483632643,"@GuyDealership Every time Fed raises rates, they‚Äôre increasing monthly payments for anything bought with debt",36199,3334
2023-01-27 19:05:42+00:00,elonmusk,1619049025357090816,@SawyerMerritt True,38140,1307
2023-01-27 18:33:13+00:00,elonmusk,1619040849698123776,@dogeofficialceo üéØ,30695,1102
2023-01-27 18:31:16+00:00,elonmusk,1619040359748861953,@mtaibbi @nytimes @washingtonpost @CNNnewsroom @NBCNews @MotherJones They should. Let‚Äôs see which ones actually come clean.,16570,1716
2023-01-27 18:25:14+00:00,elonmusk,1619038840534204417,@mtaibbi What‚Äôs going on here @SecureDemocracy?,8614,1130
2023-01-27 18:20:49+00:00,elonmusk,1619037727307202560,Shame on @MSNBC for misleading the public!,75183,18457
2023-01-27 07:24:21+00:00,elonmusk,1618872524036771840,@jim_desmond Sure @boringcompany,10827,462
2023-01-27 07:05:58+00:00,elonmusk,1618867898898063360,@hausfath @guardian Som ace reporting there ‚Ä¶ only off by a factor of literally 1000X,14036,828
2023-01-27 07:02:56+00:00,elonmusk,1618867135962574848,@AukeHoekstra @guardian The Guardian is broken. Can someone please fix it?,48676,2886
2023-01-27 07:00:08+00:00,elonmusk,1618866431038492675,@CarpeDonktum üéØ,5622,239
2023-01-27 05:07:51+00:00,elonmusk,1618838171747487746,@Falconwingsnj ü§£,13106,491
2023-01-27 04:39:52+00:00,elonmusk,1618831131981533186,@cb_doge @McDonalds üíØ,6626,780
2023-01-27 04:19:47+00:00,elonmusk,1618826074724634625,Twitter is the PvP of social media,277268,25950
2023-01-27 04:18:52+00:00,elonmusk,1618825846059585536,@McDonalds Oh hi lol,38462,984
2023-01-26 23:41:40+00:00,elonmusk,1618756085300723712,@SouthPark @CasaBonita New Casa Bonita will be üî•üî•,8729,627
2023-01-26 23:30:08+00:00,elonmusk,1618753182821384192,@bullboy66 @SenSchumer Good idea!,2274,117
2023-01-26 23:06:11+00:00,elonmusk,1618747157963735040,Just met with @SpeakerMcCarthy &amp; @RepJeffries to discuss ensuring that this platform is fair to both parties,192387,16255
2023-01-26 23:02:45+00:00,elonmusk,1618746290371973121,"@EvaFoxU @Lukewearechange Noted, but there do seem to be some genuine govt corruption issues.

The fundamental question remains: what is the realistic path to peace? There doesn‚Äôt seem to be one.",5389,458
2023-01-26 22:59:38+00:00,elonmusk,1618745509350617088,@StonksReddit My Twitter home page https://t.co/WFb0T1n87D,4959,300
2023-01-26 22:57:41+00:00,elonmusk,1618745014963806208,@EvaFoxU Absolutely,5612,272
2023-01-26 22:56:43+00:00,elonmusk,1618744772239454208,@ScottAdamsSays @IamLewisU The people,4212,248
2023-01-26 22:55:59+00:00,elonmusk,1618744590311501825,@cb_doge I hope that preserving &amp; extending the light of consciousness is a goal that all of humanity can support,93861,6305
2023-01-26 22:54:10+00:00,elonmusk,1618744131928600577,"@EvaFoxU @Lukewearechange Nobody is in favor of the Russian invasion, but how does this end with the least amount of bloodshed?",4380,284
2023-01-26 22:51:37+00:00,elonmusk,1618743488044228608,@ACLU Kudos to ACLU for this non-partisan support of free speech!,33450,1544
2023-01-26 22:49:57+00:00,elonmusk,1618743070195089408,@TheBabylonBee Only a matter of time!,51245,1755
2023-01-26 22:48:43+00:00,elonmusk,1618742761796276225,@BillyM2k Kangaroos love kickboxing!,21074,810
2023-01-26 22:19:12+00:00,elonmusk,1618735331024711680,@Lukewearechange !!,7423,399
2023-01-26 22:17:47+00:00,elonmusk,1618734976345980929,@mtaibbi De facto attack on First Amendment,22271,2184
2023-01-26 22:14:44+00:00,elonmusk,1618734208536694785,@MostlyPeacefull Strange daze,36824,1596
2023-01-26 20:25:05+00:00,elonmusk,1618706614042918912,@ScottAdamsSays Please run. That would be awesome.,24004,1448
2023-01-26 20:22:51+00:00,elonmusk,1618706051825799168,@RubinReport Accurate thread,29241,1829
2023-01-26 19:52:09+00:00,elonmusk,1618698326505041920,@SenSchumer May I suggest a DM chat üôè https://t.co/wmwBxEFit1,5842,604
2023-01-26 09:13:04+00:00,elonmusk,1618537494517272576,@cb_doge @Tesla @mayemusk And then was at Twitter HQ past midnight. Very long day.,99658,3745
2023-01-26 03:11:35+00:00,elonmusk,1618446526543695872,@micsolana lol,10958,396
2023-01-26 03:07:35+00:00,elonmusk,1618445517222182912,@dogeofficialceo Will dig in,9917,433
2023-01-26 03:04:55+00:00,elonmusk,1618444845701562370,Congrats Tesla California factory team on all-time record production! https://t.co/1aF53hgWgM,172933,9132
2023-01-26 00:24:04+00:00,elonmusk,1618404366721118213,@EvaFoxU Tweetception,60882,1597
2023-01-26 00:23:20+00:00,elonmusk,1618404184856080384,@BillyM2k üéØ,5645,289
2023-01-25 22:18:23+00:00,elonmusk,1618372739299151872,@PeterDiamandis üôè,12149,339
2023-01-25 22:17:51+00:00,elonmusk,1618372603978321928,@TimRunsHisMouth ü§£,6258,334
2023-01-25 22:16:12+00:00,elonmusk,1618372189480443904,@RNCResearch ü§®,42971,1927
2023-01-25 22:13:43+00:00,elonmusk,1618371565468651529,@SenSchumer @RepJeffries Do you write your own tweets? I recommend it.,90284,4699
2023-01-25 22:11:46+00:00,elonmusk,1618371072486936578,"Changed my name to Mr. Tweet, now Twitter won‚Äôt let me change it back ü§£",915613,56500
2023-01-25 22:02:22+00:00,elonmusk,1618368707457323010,"@BLKMDL3 Same, Mexico rocks! üá≤üáΩ",53543,3609
2023-01-25 20:29:36+00:00,elonmusk,1618345363282472960,@udiWertheimer @BillyM2k ü§£,3514,155
2023-01-25 20:28:44+00:00,elonmusk,1618345146516381698,"@ScottAdamsSays Yes, but this was not disclosed to the public for a long time after the government and vaccine makers knew. Not cool.

That said, obviously if someone is coughing less, there is some reduction in transmission.",31920,3341
2023-01-25 20:15:14+00:00,elonmusk,1618341748044099585,@BillyM2k @dogeofficialceo ü§£,2595,160
2023-01-25 19:04:28+00:00,elonmusk,1618323939557806080,Starship fully loaded with cryogenic propellant https://t.co/GbyEshomft,132238,10278
2023-01-25 19:00:26+00:00,elonmusk,1618322922820730880,@DavidSacks Wow,9810,498
2023-01-25 18:48:09+00:00,elonmusk,1618319830964383747,@WholeMarsBlog Lmaooo,24653,667
2023-01-25 18:46:45+00:00,elonmusk,1618319479662055426,"@thevivafrei First I‚Äôve heard. It is not possible for me to fix every aspect of Twitter worldwide overnight, while still running Tesla and SpaceX, among other things.",74264,3722
2023-01-25 18:23:20+00:00,elonmusk,1618313585578639360,@tim_zaman @sedielem Gaming rocks,1852,126
2023-01-25 18:22:29+00:00,elonmusk,1618313372726091777,@JoeyFromPhilly Will do a thorough review over the next week,5872,311
2023-01-25 18:20:24+00:00,elonmusk,1618312847544684544,@StockMKTNewz @BillyM2k @dogeofficialceo No,3321,244
2023-01-25 18:18:47+00:00,elonmusk,1618312440860803072,"@BillyM2k @dogeofficialceo Yeah. The corpo media shills clearly have their marching orders to write hit pieces on me these days, but the articles are painfully boring.

Reading them is like getting a tranquilizer dart in the jugular.",6182,486
2023-01-25 17:59:32+00:00,elonmusk,1618307596288679936,"@dogeofficialceo Thank you, Sir Doge!",12940,625
2023-01-25 17:53:20+00:00,elonmusk,1618306035340709888,"@BretWeinstein Several aspects of For You recommendations were fixed last night. Team and were in the office past midnight.

You should see improvements, but we are continuing to monitor.",4444,307
2023-01-25 17:47:40+00:00,elonmusk,1618304612540502021,@Timcast He is also the heart of the show,47174,1382
2023-01-25 17:23:58+00:00,elonmusk,1618298645635563521,@BretWeinstein Are you still seeing this issue today?,4522,209
2023-01-25 10:42:30+00:00,elonmusk,1618197615715450881,"1/2 a üêù
philosophically
must ipso facto 
1/2 not üêù",43606,3292
2023-01-25 10:39:35+00:00,elonmusk,1618196880479092742,üêù all u canüêù,323749,32770
2023-01-25 09:44:49+00:00,elonmusk,1618183098658873344,"@Rainmaker1973 Hop in, we‚Äôre going to Mars!",77835,4426
2023-01-25 09:00:48+00:00,elonmusk,1618172022118576130,@BillyM2k I think everyone is awesome,10882,658
2023-01-25 06:37:23+00:00,elonmusk,1618135928526213120,@BretWeinstein Will investigate,30221,1361
2023-01-25 06:34:54+00:00,elonmusk,1618135302190804992,@MarioNawfal South Korea has an even lower birth rate,29474,2009
2023-01-25 01:02:26+00:00,elonmusk,1618051634734706688,@JudiciaryGOP @SpeakerMcCarthy This is important,58655,5325
2023-01-24 07:12:27+00:00,elonmusk,1617782364222140420,"@slashdot Population collapse is a major risk to the future of civilization 
https://t.co/ZI8QRt2Ev4",48833,5448
2023-01-24 03:39:33+00:00,elonmusk,1617728786136727556,"@thomasmidleton @VivekGRamaswamy Far too much power is concentrated in the hands of ‚Äúshareholder services‚Äù companies like ISS and Glass Lewis, because so much of the market is passive/index funds, which outsource shareholder voting decisions to them.

ISS and Glass Lewis effectively control the stock market.",6409,1215
2023-01-23 16:37:47+00:00,elonmusk,1617562247567663104,@alx That turned out to be um ‚Ä¶ inaccurate,106126,7272
2023-01-23 16:33:27+00:00,elonmusk,1617561156264263680,@JonErlichman Good thread,28993,1110
2023-01-23 06:13:28+00:00,elonmusk,1617405134098812934,@billysteeler85 @NicoleBehnam That too,2084,116
2023-01-23 06:08:14+00:00,elonmusk,1617403816034594817,"@NicoleBehnam I don‚Äôt like the taste or effects of most alcohol, but there is something quite beautiful about red wine in a fine glass",125660,5421
2023-01-23 05:52:50+00:00,elonmusk,1617399939801415681,@MarioNawfal It can summarized with one emoji: üò¥,45886,2433
2023-01-23 05:00:58+00:00,elonmusk,1617386889912131584,@unusual_whales !,37378,2222
2023-01-23 05:00:38+00:00,elonmusk,1617386805350776832,@WholeMarsBlog Maybe one day,23434,887
2023-01-23 04:58:48+00:00,elonmusk,1617386342224101377,@SmokeAwayyy Big year for AI,29564,2683
2023-01-23 04:54:34+00:00,elonmusk,1617385276703387648,@NicoleBehnam ü§£,10890,375
2023-01-23 02:27:37+00:00,elonmusk,1617348296024158209,@MuskUniversity Major respect for the makers,36333,1572
2023-01-22 23:09:03+00:00,elonmusk,1617298326650785792,"@WallStreetSilv @SRSroccoReport No change in copper production is required for the transition to sustainable energy. 

Lithium refinement needs to increase dramatically, but lithium ore itself is extremely common throughout Earth.",29510,2523
2023-01-22 23:05:51+00:00,elonmusk,1617297519515688961,@mtaibbi Another case of parody &amp; reality being indistinguishable,50429,3041
2023-01-22 23:03:16+00:00,elonmusk,1617296872242311168,@emollick Wow,10276,475
2023-01-22 19:57:28+00:00,elonmusk,1617250110785884160,"@cb_doge @Tesla @mayemusk Wow, lot has happened in 13 years",52435,1669
2023-01-22 11:40:09+00:00,elonmusk,1617124957473091584,@BillyM2k yeah,22866,752
2023-01-22 10:42:04+00:00,elonmusk,1617110340084584448,@cb_doge Busted,167072,4281
2023-01-22 10:31:10+00:00,elonmusk,1617107599081771008,@alx !!,28290,1452
2023-01-22 10:30:07+00:00,elonmusk,1617107335398453249,@BillyM2k One of my favorite features,3881,246
2023-01-22 10:21:20+00:00,elonmusk,1617105122492047361,@WholeMarsBlog Probably a good idea,3357,254
2023-01-22 04:35:01+00:00,elonmusk,1617017972278824961,@TheRabbitHole84 !!,4065,318
2023-01-22 02:30:29+00:00,elonmusk,1616986629423632385,@BillFOXLA @FoxNews Where have they *not* found classified documents? That might be a shorter list.,127096,12623
2023-01-22 00:26:55+00:00,elonmusk,1616955534879645696,@DrNickA True,22967,1091
2023-01-22 00:09:28+00:00,elonmusk,1616951140339560448,@ashleevance https://t.co/5wtmeY5oQn,22400,873
2023-01-22 00:06:35+00:00,elonmusk,1616950415735808001,"@WallStreetSilv @CommunityNotes We are going to great lengths to avoid the Wikipedia left wing editorial control problem. By the same token, Community Notes cannot be biased towards the right either. Maximizing for truth is the goal.",12002,1078
2023-01-22 00:01:08+00:00,elonmusk,1616949045507035136,@JonErlichman Always liked that design,82112,2113
2023-01-21 22:50:41+00:00,elonmusk,1616931317022855169,@ahmadtariq07 @Fidias0 True,17723,245
2023-01-21 22:49:04+00:00,elonmusk,1616930908115984384,ü§ó,195986,11726
2023-01-21 22:46:36+00:00,elonmusk,1616930286704689153,@jgebbia ü§£,4697,166
2023-01-21 19:28:56+00:00,elonmusk,1616880543924355073,@WallStreetSilv @dogeofficialceo @TheRabbitHole84 @WholeMarsBlog @BillyM2k lmao,5978,375
2023-01-21 18:28:19+00:00,elonmusk,1616865290142507009,"@tyromper Yeah, we‚Äôre thinking hard about this",5069,243
2023-01-21 18:09:15+00:00,elonmusk,1616860489010798592,@PeterDiamandis Absolutely. Freedom means freedom to die when you are sure that you want to.,55420,3466
2023-01-21 18:07:38+00:00,elonmusk,1616860084398874624,@TheRabbitHole84 Notes must stay pure.,3038,153
2023-01-21 18:05:20+00:00,elonmusk,1616859504444059649,@ScottAdamsSays @Dilbert_Daily ü§£,6446,304
2023-01-21 17:54:43+00:00,elonmusk,1616856834702475267,@giano That‚Äôs the plan!,8572,351
2023-01-21 17:51:04+00:00,elonmusk,1616855915386507267,@TheRabbitHole84 Maybe there‚Äôs a way to do this by placing an ad below tweet details,3406,185
2023-01-21 17:49:22+00:00,elonmusk,1616855485294215168,"Also, there will be a higher priced subscription that allows zero ads",66956,3859
2023-01-21 17:41:22+00:00,elonmusk,1616853475220156417,Ads are too frequent on Twitter and too big. Taking steps to address both in coming weeks.,257913,15572
2023-01-21 17:39:41+00:00,elonmusk,1616853050081280000,@Austen ü§£,8574,268
2023-01-21 17:35:01+00:00,elonmusk,1616851877697843201,"@CollinRugg That is a little delayed, as a key researcher can only travel to Twitter in early Feb",27949,2401
2023-01-21 09:07:40+00:00,elonmusk,1616724195035197440,Je me souviens Pluto ü•π,159226,8959
2023-01-21 08:25:50+00:00,elonmusk,1616713669819371520,@OzraeliAvi Twitter is the source of truth,216653,20217
2023-01-21 07:59:05+00:00,elonmusk,1616706936938065921,@DexterWWinters @ScottAdamsSays Was required to visit Tesla Giga Berlin. Not my choice.,6540,791
2023-01-21 07:57:28+00:00,elonmusk,1616706530841333761,"@unusual_whales The note is incorrect. There are ~2300 active, working employees at Twitter.

There are still hundreds of employees working on trust &amp; safety, along with several thousand contractors. 

Less than 10 people from my other companies are working at Twitter.",24608,1995
2023-01-21 07:53:26+00:00,elonmusk,1616705517614923777,"@peters8620 @stillgray @ScottAdamsSays I had OG C19 before vaccines came out and it was basically a mild cold.

Then had J&amp;J vaccine with no bad effects, except my arm hurt briefly.

First mRNA booster was ok, but the second one crushed me.",13199,3064
2023-01-21 07:39:12+00:00,elonmusk,1616701931719884804,"@ScottAdamsSays And my cousin, who is young &amp; in peak health, had a serious case of myocarditis. Had to go to the hospital.",43985,10503
2023-01-21 07:26:51+00:00,elonmusk,1616698827725213697,@unusual_whales @BillyM2k Yes,3899,167
2023-01-21 07:22:02+00:00,elonmusk,1616697612043972610,"@ScottAdamsSays I had major side effects from my second booster shot. Felt like I was dying for several days. Hopefully, no permanent damage, but I dunno.",158932,26363
2023-01-21 07:19:35+00:00,elonmusk,1616696995376410625,@CommunityNotes Extremely important,3212,185
2023-01-21 07:18:37+00:00,elonmusk,1616696751590879234,@BillyM2k ü§£ü§£,5393,225
2023-01-21 07:18:02+00:00,elonmusk,1616696605868195841,@BillyM2k @joshzepps Sigh ‚Ä¶ I hope Sam becomes his old super rational self again one day,7127,339
2023-01-21 07:02:40+00:00,elonmusk,1616692740657655808,@slashdot Cool,7922,353
2023-01-21 07:00:34+00:00,elonmusk,1616692209449066496,@LayahHeilpern Interesting &amp; entertaining content from around the world is worth seeing,9904,473
2023-01-21 06:46:49+00:00,elonmusk,1616688751786479617,@WorldAndScience ü§£ yeah,1802,84
2023-01-21 06:42:57+00:00,elonmusk,1616687777562886144,@stats_feed Wow,32494,1095
2023-01-21 05:47:36+00:00,elonmusk,1616673849206243338,"@lexfridman Two of the worst possible curses:
- You will live forever
- You can have anything you want",54379,5009
2023-01-21 05:18:47+00:00,elonmusk,1616666595539156993,@WholeMarsBlog Cool,13420,440
2023-01-21 03:18:35+00:00,elonmusk,1616636348789821440,"@TheRightMelissa Back then, George Washington was the ‚Äúold guy‚Äù at age 44!",66957,3344
2023-01-21 03:16:04+00:00,elonmusk,1616635714401374209,"@EvaFoxU @BillyM2k Japan has higher total user-minutes than the USA, so Japan is actually #1",6040,1024
2023-01-21 03:13:31+00:00,elonmusk,1616635070156255232,@teslaownersSV I‚Äôm reviewing it next week for possible release,3521,236
2023-01-21 00:50:16+00:00,elonmusk,1616599022592225282,@TimRunsHisMouth Good question,22206,1356
2023-01-21 00:40:35+00:00,elonmusk,1616596584174882816,(Tweets will be translated before being recommended),58830,3238
2023-01-21 00:37:50+00:00,elonmusk,1616595891422629889,@vastblastx Coming feature,3655,182
2023-01-21 00:35:56+00:00,elonmusk,1616595415675330563,There are epic tweets in other countries every day (Japan especially),83863,7752
2023-01-21 00:31:38+00:00,elonmusk,1616594332907372544,"Next Twitter update will remember whether you were on For You (ie recommended), Following or list you made &amp; stop switching you back to recommended tweets",76907,6797
2023-01-21 00:27:49+00:00,elonmusk,1616593370985672704,@cb_doge @APompliano The debt trend is ü§Øü§Ø,3509,280
2023-01-21 00:26:21+00:00,elonmusk,1616593003191181314,"@APompliano More than triple that when you add social security, Medicare &amp; govt pension obligations",37823,2900
2023-01-21 00:22:40+00:00,elonmusk,1616592077831426048,@AdamShawNY Wow,5343,296
2023-01-21 00:19:14+00:00,elonmusk,1616591211363717120,@TaraBull808 Or spending too much time on social media,9072,478
2023-01-21 00:18:21+00:00,elonmusk,1616590989145313283,"In coming months, Twitter will translate &amp; recommend amazing tweets from people in other countries &amp; cultures",293762,25511
2023-01-21 00:14:10+00:00,elonmusk,1616589938266632193,@ryan_pickering_ @welt !!,1514,109
2023-01-20 23:43:24+00:00,elonmusk,1616582196105732096,@rustyrockets @AndrewLawton ü§£,2799,155
2023-01-20 23:23:17+00:00,elonmusk,1616577133945688065,"Exactly! If companies post interesting or entertaining content, they will gain an audience rapidly.",36314,3394
2023-01-20 23:00:47+00:00,elonmusk,1616571469357776896,"@DavidSacks I am super pro Ukraine, but relentless escalation is very risky for Ukraine and the world",56517,3918
2023-01-20 22:56:43+00:00,elonmusk,1616570445226180623,@ezralevant Power to the people!,51439,4561
2023-01-20 22:55:23+00:00,elonmusk,1616570108847194114,@teslaownersSV 99% of people still have no idea how profound this is,23822,1086
2023-01-20 22:50:23+00:00,elonmusk,1616568851201916945,"@WallStreetSilv Macron is doing the difficult, but right thing. The retirement age of 62 was set when lifespans were much shorter. It is impossible for a small number of workers to support a massive number of retirees.",92784,5353
2023-01-20 22:44:23+00:00,elonmusk,1616567341936148481,@proetrie ü§£,5612,158
2023-01-20 22:43:30+00:00,elonmusk,1616567121231892480,@BillyM2k @unusual_whales It is actually not true. Employee headcount is almost double that.,5794,371
2023-01-20 21:21:35+00:00,elonmusk,1616546507376979968,@BillyM2k @christinebarnum What are you playing?,5940,323
2023-01-20 20:48:20+00:00,elonmusk,1616538137009983488,@EvaFoxU Cool :),2741,119
2023-01-20 20:35:14+00:00,elonmusk,1616534840651964416,"@TheRabbitHole84 Yes, that will be added in an upcoming release. Also, if your tweet is bookmarked, it will be treated as a ‚Äúquiet like‚Äù and increment your likes counter.",7424,462
2023-01-20 20:30:40+00:00,elonmusk,1616533691156819968,"Major Twitter improvement we just released is that you can now bookmark tweets from tweet details page.

Importantly, bookmarks are *private*, unlike likes. No one other than you can see your bookmarks.",132518,11262
2023-01-20 20:20:17+00:00,elonmusk,1616531077790826497,Twitter app update now available on App Store,137646,10397
2023-01-20 20:13:58+00:00,elonmusk,1616529489743446016,@EvaFoxU True,30974,1001
2023-01-20 20:03:10+00:00,elonmusk,1616526771972886528,@BillyM2k ü•≥ü•≥,4092,188
