,id,id_tweet,date,rawContent,user,replyCount,retweetCount,likeCount,quoteCount,Roberta_neg,Roberta_neu,Roberta_pos
0,0,1629471591888461824,2023-02-25 13:21:16+00:00,"@davidmweissman @laurenboebert The wall will work, ask Biden he has one around his house's.if you think 5 million illegals and rising,  you pay for them","{'username': 'CorsonSkip', 'id': 1519068132819709952, 'displayname': 'Skip Corson', 'rawDescription': '', 'renderedDescription': '', 'descriptionLinks': None, 'verified': False, 'created': datetime.datetime(2022, 4, 26, 21, 38, 17, tzinfo=datetime.timezone.utc), 'followersCount': 1, 'friendsCount': 22, 'statusesCount': 479, 'favouritesCount': 918, 'listedCount': 0, 'mediaCount': 0, 'location': '', 'protected': False, 'link': None, 'profileImageUrl': 'https://pbs.twimg.com/profile_images/1519068372557656065/0JSXML7q_normal.png', 'profileBannerUrl': None, 'label': None}",0,0,0,0,0.29748824,0.57274514,0.12976664
1,1,1629471590021832708,2023-02-25 13:21:15+00:00,@AdamKinzinger Lets call it what it is.  Biden must do this to protect his son.  Think people are stupid?,"{'username': 'charles_bowles', 'id': 456829851, 'displayname': 'Charles Bowles', 'rawDescription': 'Father, the best thing I will ever do', 'renderedDescription': 'Father, the best thing I will ever do', 'descriptionLinks': None, 'verified': False, 'created': datetime.datetime(2012, 1, 6, 18, 20, 17, tzinfo=datetime.timezone.utc), 'followersCount': 154, 'friendsCount': 300, 'statusesCount': 8947, 'favouritesCount': 853, 'listedCount': 4, 'mediaCount': 25, 'location': 'Philadelphia', 'protected': False, 'link': None, 'profileImageUrl': 'https://pbs.twimg.com/profile_images/1295175310997102592/GikuqfNZ_normal.jpg', 'profileBannerUrl': None, 'label': None}",0,0,0,0,0.646048,0.30673963,0.047212336
2,2,1629471584313278464,2023-02-25 13:21:14+00:00,"Asylum seekers face decision to split up families or wait indefinitely under new border policy - Los Angeles Times

racism ..Why isn‚Äôt this pointed out as racism ?? Question, Biden .He has the authority to make positive changes that are lawful ,he‚Äôs racist https://t.co/rWDeCBU7gF","{'username': 'RayRiosy', 'id': 784636951324401664, 'displayname': 'Batman', 'rawDescription': '', 'renderedDescription': '', 'descriptionLinks': None, 'verified': False, 'created': datetime.datetime(2016, 10, 8, 6, 10, 1, tzinfo=datetime.timezone.utc), 'followersCount': 727, 'friendsCount': 1038, 'statusesCount': 3991, 'favouritesCount': 9346, 'listedCount': 0, 'mediaCount': 314, 'location': 'California, USA', 'protected': False, 'link': None, 'profileImageUrl': 'https://pbs.twimg.com/profile_images/786049521658785792/XTdYQOov_normal.jpg', 'profileBannerUrl': 'https://pbs.twimg.com/profile_banners/784636951324401664/1481000812', 'label': None}",0,0,0,0,0.7341846,0.24708982,0.018725457
3,3,1629471581926830080,2023-02-25 13:21:13+00:00,"NTSB Chair Fact-Checks Buttigieg, Biden Admin After They Use Trump as Scapegoat for Train Derailment.  SO IT WAS NOT TRUMPS FAULT!  Sit down and shut up ‚Å¶@PeteButtigieg‚Å© !!!  https://t.co/yDm2rwJzpK","{'username': 'KrissyTwitPissy', 'id': 1491854369825902593, 'displayname': 'KrissyIsTwatterPissy', 'rawDescription': '#Maga #BackTheBlue #Patriot', 'renderedDescription': '#Maga #BackTheBlue #Patriot', 'descriptionLinks': None, 'verified': False, 'created': datetime.datetime(2022, 2, 10, 19, 20, 5, tzinfo=datetime.timezone.utc), 'followersCount': 770, 'friendsCount': 1148, 'statusesCount': 7293, 'favouritesCount': 302, 'listedCount': 1, 'mediaCount': 96, 'location': '', 'protected': False, 'link': None, 'profileImageUrl': 'https://pbs.twimg.com/profile_images/1491854655797800965/saAAfI50_normal.jpg', 'profileBannerUrl': None, 'label': None}",0,0,0,0,0.55790985,0.38114014,0.060949977
4,4,1629471581260124170,2023-02-25 13:21:13+00:00,"Zelensky can go suck Biden's moldy toe for all I care. He has no right to my money, my fellow American's money!!!","{'username': 'DementedMinx', 'id': 967847266315726849, 'displayname': 'ü™∑Minxy Girlü™∑', 'rawDescription': ""Everyone's Marilyn Monroe, no one's Jackie Kennedy.\n\n#PureBlood\nüö´üíâüö´\n\n$DeMinx69"", 'renderedDescription': ""Everyone's Marilyn Monroe, no one's Jackie Kennedy.\n\n#PureBlood\nüö´üíâüö´\n\n$DeMinx69"", 'descriptionLinks': None, 'verified': False, 'created': datetime.datetime(2018, 2, 25, 19, 42, 24, tzinfo=datetime.timezone.utc), 'followersCount': 514, 'friendsCount': 503, 'statusesCount': 190961, 'favouritesCount': 125200, 'listedCount': 2, 'mediaCount': 3743, 'location': 'None of your business', 'protected': False, 'link': {'text': 'fansly.com/MinxyCat', 'url': 'http://fansly.com/MinxyCat', 'tcourl': 'https://t.co/qLKGB6Zydy', 'indices': (0, 23)}, 'profileImageUrl': 'https://pbs.twimg.com/profile_images/1616131422187827200/5vO6X31r_normal.jpg', 'profileBannerUrl': 'https://pbs.twimg.com/profile_banners/967847266315726849/1634483964', 'label': None}",0,0,0,0,0.9383138,0.056013335,0.0056729135
5,5,1629471580253290496,2023-02-25 13:21:13+00:00,"@Dmitry34221781 @DylanRMarshall @realstewpeters once you or a loved one has been a victim of black crime you will then understand 
today is just black hatred against whites pushed by joe biden,dems and news.","{'username': 'BobbyElbow', 'id': 1545446549659955200, 'displayname': 'vini', 'rawDescription': 'redneck', 'renderedDescription': 'redneck', 'descriptionLinks': None, 'verified': False, 'created': datetime.datetime(2022, 7, 8, 16, 39, 28, tzinfo=datetime.timezone.utc), 'followersCount': 9, 'friendsCount': 71, 'statusesCount': 25, 'favouritesCount': 375, 'listedCount': 0, 'mediaCount': 0, 'location': '', 'protected': False, 'link': None, 'profileImageUrl': 'https://pbs.twimg.com/profile_images/1626426127836127233/_QHmTUeW_normal.jpg', 'profileBannerUrl': None, 'label': None}",0,0,0,0,0.8049737,0.18672809,0.008298082
6,6,1629471579603124224,2023-02-25 13:21:13+00:00,Maybe checking a box on an unqualified turd burger has its own consequences seems this administration is all about symbolism and not substance who would have guessed that it would all crash &amp; burn‚Ä¶..  the entire country Biden resign &amp; take the entire circus with you,"{'username': 'GP124u', 'id': 1542122688, 'displayname': 'GP', 'rawDescription': 'Truth of how Govt Dems will tell you what to eat,drink,say & take your guns & healthcare &ultimately freedom of speech raise taxes,followed by George Washington', 'renderedDescription': 'Truth of how Govt Dems will tell you what to eat,drink,say & take your guns & healthcare &ultimately freedom of speech raise taxes,followed by George Washington', 'descriptionLinks': None, 'verified': False, 'created': datetime.datetime(2013, 6, 24, 0, 27, 24, tzinfo=datetime.timezone.utc), 'followersCount': 1478, 'friendsCount': 1747, 'statusesCount': 105471, 'favouritesCount': 93819, 'listedCount': 13, 'mediaCount': 1296, 'location': 'Reality', 'protected': False, 'link': None, 'profileImageUrl': 'https://pbs.twimg.com/profile_images/1347756930182377474/Ateyu0mH_normal.jpg', 'profileBannerUrl': 'https://pbs.twimg.com/profile_banners/1542122688/1490698501', 'label': None}",0,0,0,0,0.8905277,0.10329952,0.006172748
7,7,1629471565753532416,2023-02-25 13:21:10+00:00,"@JoeBiden No Thanks. 
 I don't like illegals or China buying property in the USA. 
 On you BIDEN","{'username': 'wildBillMcKibbo', 'id': 1586010301111099398, 'displayname': 'Bill McKibbon', 'rawDescription': '', 'renderedDescription': '', 'descriptionLinks': None, 'verified': False, 'created': datetime.datetime(2022, 10, 28, 15, 2, 36, tzinfo=datetime.timezone.utc), 'followersCount': 10, 'friendsCount': 28, 'statusesCount': 2174, 'favouritesCount': 1243, 'listedCount': 2, 'mediaCount': 64, 'location': '', 'protected': False, 'link': None, 'profileImageUrl': 'https://pbs.twimg.com/profile_images/1586010552601550850/h6gI18in_normal.jpg', 'profileBannerUrl': None, 'label': None}",0,0,1,0,0.8524073,0.136347,0.011245649
8,8,1629471564964962310,2023-02-25 13:21:09+00:00,@mitchellvii Which Biden did you vote for https://t.co/okfu686jKr,"{'username': 'DouglasMacKinn4', 'id': 837325854271234049, 'displayname': 'Douglas MacKinnon', 'rawDescription': 'we got your server', 'renderedDescription': 'we got your server', 'descriptionLinks': None, 'verified': False, 'created': datetime.datetime(2017, 3, 2, 15, 36, 55, tzinfo=datetime.timezone.utc), 'followersCount': 181, 'friendsCount': 508, 'statusesCount': 1868, 'favouritesCount': 2789, 'listedCount': 0, 'mediaCount': 183, 'location': '', 'protected': False, 'link': None, 'profileImageUrl': 'https://pbs.twimg.com/profile_images/1623165077623808001/Nc6MYZPc_normal.jpg', 'profileBannerUrl': 'https://pbs.twimg.com/profile_banners/837325854271234049/1675827835', 'label': None}",0,0,0,0,0.07797752,0.8877409,0.034281537
9,9,1629471557339820032,2023-02-25 13:21:08+00:00,@JackPosobiec Is Biden compromised?,"{'username': 'MikeyPInTheHou1', 'id': 1091323048672796674, 'displayname': 'Mikey P In The House', 'rawDescription': '', 'renderedDescription': '', 'descriptionLinks': None, 'verified': False, 'created': datetime.datetime(2019, 2, 1, 13, 11, 5, tzinfo=datetime.timezone.utc), 'followersCount': 1, 'friendsCount': 66, 'statusesCount': 943, 'favouritesCount': 16, 'listedCount': 1, 'mediaCount': 16, 'location': '', 'protected': False, 'link': None, 'profileImageUrl': 'https://abs.twimg.com/sticky/default_profile_images/default_profile_normal.png', 'profileBannerUrl': None, 'label': None}",0,0,0,0,0.25575733,0.72212595,0.022116633
10,10,1629471557125799939,2023-02-25 13:21:07+00:00,"@WhiteHouse Meanwhile back on Earth 2, Hitler for life, Donny Trumpy went to Palestine to see God and bring a pallet of 10 year old toxic water and paper towels, because he cares more than Biden..","{'username': 'JoeMcJoe11', 'id': 1313826124338790401, 'displayname': 'Today is a good day to save Ukraine ‚ú°üåäüèíü¶†üá∫üá¶', 'rawDescription': 'The GOP has gone completely nuts!\n\n""Anyone who can make you believe absurdities can make you commit atrocities""\n\nReside in NorthernVa. Pop pop of 3 :)', 'renderedDescription': 'The GOP has gone completely nuts!\n\n""Anyone who can make you believe absurdities can make you commit atrocities""\n\nReside in NorthernVa. Pop pop of 3 :)', 'descriptionLinks': None, 'verified': False, 'created': datetime.datetime(2020, 10, 7, 12, 59, 17, tzinfo=datetime.timezone.utc), 'followersCount': 5220, 'friendsCount': 5577, 'statusesCount': 17007, 'favouritesCount': 13913, 'listedCount': 5, 'mediaCount': 1201, 'location': 'Manassas VA', 'protected': False, 'link': None, 'profileImageUrl': 'https://pbs.twimg.com/profile_images/1498396298252374025/q4MOnv-G_normal.jpg', 'profileBannerUrl': 'https://pbs.twimg.com/profile_banners/1313826124338790401/1627483018', 'label': None}",0,0,0,0,0.7470766,0.2267138,0.026209584
11,11,1629471551937732609,2023-02-25 13:21:06+00:00,"Democrats: 

This is big win for Joe Biden &amp; Americans.. üá∫üá∏

Leadership ü§°üåé

America Last.

#Ukraine #Russia #NATO #Zelensky","{'username': 'Roomainor', 'id': 125246983, 'displayname': 'Prince Crypto', 'rawDescription': 'Personal account ‚Ä¢ Just remember... this is just the beginning of Crypto! ‚öõÔ∏è| $MOOV #Dotmoovs | $MRHB #MRHB | $MLT #MILCplatform | $DOGO #DogemonGo', 'renderedDescription': 'Personal account ‚Ä¢ Just remember... this is just the beginning of Crypto! ‚öõÔ∏è| $MOOV #Dotmoovs | $MRHB #MRHB | $MLT #MILCplatform | $DOGO #DogemonGo', 'descriptionLinks': None, 'verified': False, 'created': datetime.datetime(2010, 3, 22, 5, 36, 33, tzinfo=datetime.timezone.utc), 'followersCount': 421, 'friendsCount': 984, 'statusesCount': 8973, 'favouritesCount': 21892, 'listedCount': 19, 'mediaCount': 1443, 'location': 'Protonia', 'protected': False, 'link': None, 'profileImageUrl': 'https://pbs.twimg.com/profile_images/1508543272066887681/wQciaFVB_normal.jpg', 'profileBannerUrl': 'https://pbs.twimg.com/profile_banners/125246983/1650738505', 'label': None}",0,0,0,0,0.011154581,0.16432527,0.82452023
12,12,1629471549722882048,2023-02-25 13:21:06+00:00,But he checked all Biden's woke boxes!!!,"{'username': 'Gregory50259644', 'id': 1586471575464906753, 'displayname': 'Gregory Wood', 'rawDescription': '', 'renderedDescription': '', 'descriptionLinks': None, 'verified': False, 'created': datetime.datetime(2022, 10, 29, 21, 35, 17, tzinfo=datetime.timezone.utc), 'followersCount': 212, 'friendsCount': 373, 'statusesCount': 2299, 'favouritesCount': 2221, 'listedCount': 0, 'mediaCount': 0, 'location': 'Southern NJ, USA', 'protected': False, 'link': None, 'profileImageUrl': 'https://pbs.twimg.com/profile_images/1586685374151200769/Xp-ApTfv_normal.jpg', 'profileBannerUrl': None, 'label': None}",0,0,0,0,0.11630633,0.51817864,0.3655149
13,13,1629471543213592579,2023-02-25 13:21:04+00:00,@AdamGoldsack I had the thought today that the Biden administration may have shot down balloons and kicked up a fuss so that they could justify setting up their own investigation of truly anomalous UAP under cover of a spy balloon scare. How else could they get involved?,"{'username': 'phillip_wareham', 'id': 97706675, 'displayname': 'üá¨üáß Phil Wareham üôèüá∫üá¶üôè', 'rawDescription': '', 'renderedDescription': '', 'descriptionLinks': None, 'verified': False, 'created': datetime.datetime(2009, 12, 18, 17, 0, 17, tzinfo=datetime.timezone.utc), 'followersCount': 129, 'friendsCount': 117, 'statusesCount': 4643, 'favouritesCount': 21167, 'listedCount': 4, 'mediaCount': 294, 'location': '', 'protected': False, 'link': None, 'profileImageUrl': 'https://pbs.twimg.com/profile_images/1474604902366150658/T6t59TeB_normal.jpg', 'profileBannerUrl': None, 'label': None}",0,0,0,0,0.49072868,0.47717544,0.032095928
14,14,1629471543045816320,2023-02-25 13:21:04+00:00,Biden Administration‚Äôs New Defense Strategy Targets China and¬†Russia https://t.co/DDVE6gl3ZL,"{'username': 'TechTrendTr', 'id': 896824181555429377, 'displayname': 'TechTrendTracker', 'rawDescription': 'TechTrendTracker is a global news site that covers a wide range of topics, including technology, historical events, and cryptocurrency.', 'renderedDescription': 'TechTrendTracker is a global news site that covers a wide range of topics, including technology, historical events, and cryptocurrency.', 'descriptionLinks': None, 'verified': False, 'created': datetime.datetime(2017, 8, 13, 20, 2, 1, tzinfo=datetime.timezone.utc), 'followersCount': 13, 'friendsCount': 16, 'statusesCount': 29, 'favouritesCount': 1, 'listedCount': 1, 'mediaCount': 1, 'location': 'Usa', 'protected': False, 'link': {'text': 'techtrendtracker.com', 'url': 'http://www.techtrendtracker.com', 'tcourl': 'https://t.co/hjzaJVnHtI', 'indices': (0, 23)}, 'profileImageUrl': 'https://pbs.twimg.com/profile_images/1626967280222339073/UX8mJMyt_normal.jpg', 'profileBannerUrl': 'https://pbs.twimg.com/profile_banners/896824181555429377/1676733972', 'label': None}",0,0,0,0,0.23775177,0.7267443,0.03550399
15,15,1629471540973563905,2023-02-25 13:21:04+00:00,"I love seeing this! Jill Biden wowed by 'Chama' banking
https://t.co/XfSXmS59f1","{'username': 'TheStarKenya', 'id': 343326011, 'displayname': 'TheStarKenya', 'rawDescription': 'Independent Fresh And Different! üá∞üá™\nWhatsApp: +254727422422', 'renderedDescription': 'Independent Fresh And Different! üá∞üá™\nWhatsApp: +254727422422', 'descriptionLinks': None, 'verified': True, 'created': datetime.datetime(2011, 7, 27, 11, 55, 33, tzinfo=datetime.timezone.utc), 'followersCount': 1944488, 'friendsCount': 529, 'statusesCount': 309322, 'favouritesCount': 818, 'listedCount': 1150, 'mediaCount': 112001, 'location': 'Kenya', 'protected': False, 'link': {'text': 'the-star.co.ke', 'url': 'http://www.the-star.co.ke', 'tcourl': 'https://t.co/d4cmodCUwY', 'indices': (0, 23)}, 'profileImageUrl': 'https://pbs.twimg.com/profile_images/1611631330969944064/H3RwmdAW_normal.jpg', 'profileBannerUrl': 'https://pbs.twimg.com/profile_banners/343326011/1642792737', 'label': None}",0,0,1,0,0.002018764,0.018883232,0.97909796
16,16,1629471540738764802,2023-02-25 13:21:04+00:00,"And we thought that TFG damaged American democracy? 
Wait until TFG 2.0 (The Fascist Guy) with a brain gets a chance!üò±
Biden Went to Kyiv; DeSantis Went to Fox &amp; Friends https://t.co/PC4BtXcQ4T via @BulwarkOnline","{'username': 'gianpadano', 'id': 34585196, 'displayname': 'Gianni Lovato', 'rawDescription': ""üá™üá∫Milan native, straddling the Atlantic pond for 52 years & getting more used to it.// Milan√©s arius che l'ha f√† la svolta (giusta u sbagliada??) 52 ann fa"", 'renderedDescription': ""üá™üá∫Milan native, straddling the Atlantic pond for 52 years & getting more used to it.// Milan√©s arius che l'ha f√† la svolta (giusta u sbagliada??) 52 ann fa"", 'descriptionLinks': None, 'verified': False, 'created': datetime.datetime(2009, 4, 23, 11, 5, 54, tzinfo=datetime.timezone.utc), 'followersCount': 786, 'friendsCount': 365, 'statusesCount': 56997, 'favouritesCount': 13016, 'listedCount': 28, 'mediaCount': 3009, 'location': '', 'protected': False, 'link': {'text': 'gianniebasta.tumblr.com', 'url': 'http://gianniebasta.tumblr.com/', 'tcourl': 'https://t.co/qH0ZEsEUsP', 'indices': (0, 23)}, 'profileImageUrl': 'https://pbs.twimg.com/profile_images/1522921450822377472/0Too6S5__normal.jpg', 'profileBannerUrl': 'https://pbs.twimg.com/profile_banners/34585196/1584502961', 'label': None}",0,0,0,0,0.8505039,0.13999622,0.009499899
17,17,1629471540596076544,2023-02-25 13:21:04+00:00,@The_Trump_Train What does Zelenskyy have over Biden? Must be some damaging information,"{'username': 'uturn_wagner2', 'id': 815009282697461760, 'displayname': 'C. Doug Wagner', 'rawDescription': 'Lover of freedom. Navy vet from Vietnam area. Jesus is my best friend.', 'renderedDescription': 'Lover of freedom. Navy vet from Vietnam area. Jesus is my best friend.', 'descriptionLinks': None, 'verified': False, 'created': datetime.datetime(2016, 12, 31, 1, 38, 49, tzinfo=datetime.timezone.utc), 'followersCount': 9, 'friendsCount': 62, 'statusesCount': 86, 'favouritesCount': 813, 'listedCount': 0, 'mediaCount': 1, 'location': '', 'protected': False, 'link': None, 'profileImageUrl': 'https://pbs.twimg.com/profile_images/1621147314495815682/FAvxhFh5_normal.jpg', 'profileBannerUrl': None, 'label': None}",0,0,0,0,0.6407497,0.34626013,0.012990266
18,18,1629471538226294784,2023-02-25 13:21:03+00:00,"Biden Orders Fed Agencies Make Door-To-Door Checks on East Palestine Residents | https://t.co/5Ec5zxnALg
https://t.co/2AjLJkRiwG https://t.co/o3Z6PU5Pgp","{'username': 'filterednews', 'id': 62774102, 'displayname': 'Filtered News', 'rawDescription': 'US News, World News, and Conservative Commentary.\nSame handle on Gab & GETTR', 'renderedDescription': 'US News, World News, and Conservative Commentary.\nSame handle on Gab & GETTR', 'descriptionLinks': None, 'verified': False, 'created': datetime.datetime(2009, 8, 4, 9, 49, 53, tzinfo=datetime.timezone.utc), 'followersCount': 2757, 'friendsCount': 381, 'statusesCount': 672111, 'favouritesCount': 181, 'listedCount': 189, 'mediaCount': 31, 'location': 'United States', 'protected': False, 'link': None, 'profileImageUrl': 'https://pbs.twimg.com/profile_images/3023330302/3450cff349f7ea8b5f3e7d2a5d78265e_normal.jpeg', 'profileBannerUrl': 'https://pbs.twimg.com/profile_banners/62774102/1401974642', 'label': None}",0,0,0,0,0.13704222,0.83810055,0.024857203
19,19,1629471536208814080,2023-02-25 13:21:03+00:00,"@MayhemJon68 @twittmebenjie @Shelly7934222 @JazzShaw @bennyjohnson @FLOTUS Who‚Äôs a crybaby i was just correctly stating that not all doctors are medical drs. Not sure what the confusion is. Also, I think DR. Biden is pretty cool. She actually still teaches( i know not as awesome as being an ex model) and comes across as being pretty genuine person.","{'username': 'RichardSpeck11', 'id': 1535608797095411713, 'displayname': 'Richard Speck', 'rawDescription': '', 'renderedDescription': '', 'descriptionLinks': None, 'verified': False, 'created': datetime.datetime(2022, 6, 11, 13, 4, 16, tzinfo=datetime.timezone.utc), 'followersCount': 7, 'friendsCount': 10, 'statusesCount': 484, 'favouritesCount': 965, 'listedCount': 0, 'mediaCount': 0, 'location': '', 'protected': False, 'link': None, 'profileImageUrl': 'https://abs.twimg.com/sticky/default_profile_images/default_profile_normal.png', 'profileBannerUrl': None, 'label': None}",0,0,0,0,0.014060038,0.09385784,0.892082
20,20,1629471535596556289,2023-02-25 13:21:02+00:00,"@VirginiaLady16 @CNNPolitics If biden needed over 25,000 troops to guard him from the people on Inauguration Day, then it‚Äôs clear that he wasn‚Äôt elected by the people https://t.co/5kmCUTPCzA","{'username': 'ispeakfacts36', 'id': 1583166293523718144, 'displayname': 'ispeakfacts36', 'rawDescription': '', 'renderedDescription': '', 'descriptionLinks': None, 'verified': False, 'created': datetime.datetime(2022, 10, 20, 18, 41, 15, tzinfo=datetime.timezone.utc), 'followersCount': 1, 'friendsCount': 0, 'statusesCount': 366, 'favouritesCount': 10, 'listedCount': 0, 'mediaCount': 286, 'location': '', 'protected': False, 'link': None, 'profileImageUrl': 'https://pbs.twimg.com/profile_images/1583166617235726337/-CUSJ_HY_normal.jpg', 'profileBannerUrl': None, 'label': None}",0,0,0,0,0.7646843,0.22345304,0.011862729
21,21,1629471533117628417,2023-02-25 13:21:02+00:00,Alex won't stand to lied to about the global world agenda about vaccines but will lick Biden's butt hole when it comes to big bad Vladimir.,"{'username': 'ArcticTidalSurg', 'id': 711291085184696321, 'displayname': 'The Sickest Generation', 'rawDescription': ""Drugs or vaccines are not the answer. You can't get health out of a bottle."", 'renderedDescription': ""Drugs or vaccines are not the answer. You can't get health out of a bottle."", 'descriptionLinks': None, 'verified': False, 'created': datetime.datetime(2016, 3, 19, 20, 39, 44, tzinfo=datetime.timezone.utc), 'followersCount': 391, 'friendsCount': 106, 'statusesCount': 27269, 'favouritesCount': 54934, 'listedCount': 17, 'mediaCount': 80, 'location': '', 'protected': False, 'link': None, 'profileImageUrl': 'https://pbs.twimg.com/profile_images/722809732818448385/hw-b-IcG_normal.jpg', 'profileBannerUrl': None, 'label': None}",0,0,0,0,0.86816937,0.12640117,0.0054294127
22,22,1629471532752809984,2023-02-25 13:21:02+00:00,@twitter has hundreds of tweets that #biden didn't fall down the stairs of #airforceone. Ok. He fell UP the stairs.  Which is worse.  #Bidenski #BidenIsALaughingstock #FakePresident #StolenElections #WW3,"{'username': 'dfcaver', 'id': 85070209, 'displayname': 'Derek Flaig', 'rawDescription': '', 'renderedDescription': '', 'descriptionLinks': None, 'verified': False, 'created': datetime.datetime(2009, 10, 25, 12, 28, 1, tzinfo=datetime.timezone.utc), 'followersCount': 437, 'friendsCount': 1399, 'statusesCount': 12480, 'favouritesCount': 199, 'listedCount': 22, 'mediaCount': 319, 'location': '', 'protected': False, 'link': None, 'profileImageUrl': 'https://pbs.twimg.com/profile_images/600422266560733185/f6LPVaDv_normal.jpg', 'profileBannerUrl': None, 'label': None}",0,0,0,0,0.9130786,0.078920156,0.008001236
23,23,1629471532543090689,2023-02-25 13:21:02+00:00,"I‚Äôve had people reply back to me, citing @OAlexanderDK as the person we should believe over Seymour Hersh, that Oliver has totally debunked the theory that Biden blew up the nordstream pipeline. Personally, I think Oliver is a Biden mouthpiece, he‚Äôs a DC propagandist.","{'username': 'RetiredMod', 'id': 20791952, 'displayname': 'Dave üá∫üá∏üá¨üáß', 'rawDescription': 'Independent boomer who finds solace in watching Manchester United and the New York Yankees.', 'renderedDescription': 'Independent boomer who finds solace in watching Manchester United and the New York Yankees.', 'descriptionLinks': None, 'verified': False, 'created': datetime.datetime(2009, 2, 13, 18, 16, 53, tzinfo=datetime.timezone.utc), 'followersCount': 2133, 'friendsCount': 1941, 'statusesCount': 144000, 'favouritesCount': 159575, 'listedCount': 13, 'mediaCount': 4553, 'location': 'United States', 'protected': False, 'link': None, 'profileImageUrl': 'https://pbs.twimg.com/profile_images/1580251515171766292/EcRyJapa_normal.jpg', 'profileBannerUrl': 'https://pbs.twimg.com/profile_banners/20791952/1660754920', 'label': None}",0,0,0,0,0.5061798,0.44250786,0.051312376
24,24,1629471529560862721,2023-02-25 13:21:01+00:00,"I know that Biden stumbles over words from time to time , though his off the cuff banter with Repugs at SOTU speech shows he‚Äôs still  sharp‚Ä¶ but go back and listen to any of Trumps speeches, on anything, and Biden sounds like Einstein‚Ä¶and forget about comparing Trump to Obama!","{'username': 'ponymom48', 'id': 148851257, 'displayname': 'Trueblue', 'rawDescription': ""I üíô my family even though they‚ù§Ô∏èTrumpü•µ. My grandsons and my animals are my raison d'√™tre.üíôüíô PS. Twitter is NOT a dating site, even at my ageüòâ"", 'renderedDescription': ""I üíô my family even though they‚ù§Ô∏èTrumpü•µ. My grandsons and my animals are my raison d'√™tre.üíôüíô PS. Twitter is NOT a dating site, even at my ageüòâ"", 'descriptionLinks': None, 'verified': False, 'created': datetime.datetime(2010, 5, 27, 19, 39, 38, tzinfo=datetime.timezone.utc), 'followersCount': 11312, 'friendsCount': 12172, 'statusesCount': 66749, 'favouritesCount': 118718, 'listedCount': 11, 'mediaCount': 9127, 'location': 'United States', 'protected': False, 'link': None, 'profileImageUrl': 'https://pbs.twimg.com/profile_images/1569119805315088385/XdOBY6gH_normal.jpg', 'profileBannerUrl': 'https://pbs.twimg.com/profile_banners/148851257/1550885773', 'label': None}",0,0,0,0,0.53341234,0.3974342,0.06915342
25,25,1629471525219844096,2023-02-25 13:21:00+00:00,"@Maverick31224 @TheFeelzRfake @LisaMarieBoothe Yes, a foreign nation that even the rest of Europe has reservations about saving.  Don‚Äôt kid yourself - Biden was desperately in need of some kind of a win for his ‚Äòlegacy‚Äô. Like the Democrats typically do, he thinks spending money is the answer.","{'username': 'EnzotheBaker13', 'id': 1518338044813791235, 'displayname': 'Enzo the Baker', 'rawDescription': 'üáÆüáπüá∫üá∏', 'renderedDescription': 'üáÆüáπüá∫üá∏', 'descriptionLinks': None, 'verified': False, 'created': datetime.datetime(2022, 4, 24, 21, 16, 29, tzinfo=datetime.timezone.utc), 'followersCount': 133, 'friendsCount': 74, 'statusesCount': 3259, 'favouritesCount': 3438, 'listedCount': 2, 'mediaCount': 30, 'location': '', 'protected': False, 'link': None, 'profileImageUrl': 'https://pbs.twimg.com/profile_images/1537969461130514432/epLIS2sx_normal.jpg', 'profileBannerUrl': 'https://pbs.twimg.com/profile_banners/1518338044813791235/1650835686', 'label': None}",0,0,0,0,0.5721376,0.37739202,0.050470307
26,26,1629471524435677188,2023-02-25 13:21:00+00:00,"Manchin Simply Casts Doubt on Biden‚Äôs Signature
https://t.co/yvKdRYu1zr","{'username': 'PatrioticOn22', 'id': 1601247324231049218, 'displayname': 'Patriotic Opinion', 'rawDescription': 'Patriotic Opinion \n#donaldtrump#MAGA #ULTRAMAGA\n#trump2024 #Maga2024', 'renderedDescription': 'Patriotic Opinion \n#donaldtrump#MAGA #ULTRAMAGA\n#trump2024 #Maga2024', 'descriptionLinks': None, 'verified': False, 'created': datetime.datetime(2022, 12, 9, 16, 8, 16, tzinfo=datetime.timezone.utc), 'followersCount': 2189, 'friendsCount': 4978, 'statusesCount': 15083, 'favouritesCount': 0, 'listedCount': 1, 'mediaCount': 0, 'location': '', 'protected': False, 'link': None, 'profileImageUrl': 'https://pbs.twimg.com/profile_images/1601248281086070784/77equoOz_normal.png', 'profileBannerUrl': 'https://pbs.twimg.com/profile_banners/1601247324231049218/1670602315', 'label': None}",0,0,0,0,0.22145355,0.7145863,0.063960135
27,27,1629471524335001601,2023-02-25 13:21:00+00:00,"President Biden‚Äôs Approval Smashed Through the Floor
https://t.co/obgUqt7T9x","{'username': 'ReachZone', 'id': 1600928393461043200, 'displayname': 'Reach Zone', 'rawDescription': 'The Real MAGA Opinion is here \nMaga Patriot.\n#ULTRAMAGA #TRUMP #LETSGOBRANDON', 'renderedDescription': 'The Real MAGA Opinion is here \nMaga Patriot.\n#ULTRAMAGA #TRUMP #LETSGOBRANDON', 'descriptionLinks': None, 'verified': False, 'created': datetime.datetime(2022, 12, 8, 19, 0, 59, tzinfo=datetime.timezone.utc), 'followersCount': 1996, 'friendsCount': 4670, 'statusesCount': 25560, 'favouritesCount': 1, 'listedCount': 0, 'mediaCount': 0, 'location': '', 'protected': False, 'link': None, 'profileImageUrl': 'https://pbs.twimg.com/profile_images/1600930172043087872/w2ekmGLN_normal.jpg', 'profileBannerUrl': 'https://pbs.twimg.com/profile_banners/1600928393461043200/1670526293', 'label': None}",0,0,0,0,0.046392743,0.6436371,0.3099701
28,28,1629471524318248960,2023-02-25 13:21:00+00:00,"Biden‚Äôs DOJ Seems to Hide Something by Appealing

https://t.co/zsPVmw2o1q","{'username': 'ConservativeO17', 'id': 1530045783231410178, 'displayname': 'Conservative Opinion', 'rawDescription': '#Trump #MAGA #Trumpwon\nConservative Opinion \nYour Conservative Patriot !\nFollow back patriots only  .', 'renderedDescription': '#Trump #MAGA #Trumpwon\nConservative Opinion \nYour Conservative Patriot !\nFollow back patriots only  .', 'descriptionLinks': None, 'verified': False, 'created': datetime.datetime(2022, 5, 27, 4, 38, 52, tzinfo=datetime.timezone.utc), 'followersCount': 5791, 'friendsCount': 4631, 'statusesCount': 161950, 'favouritesCount': 0, 'listedCount': 5, 'mediaCount': 19, 'location': '', 'protected': False, 'link': {'text': 'meigsbarrett.com', 'url': 'https://meigsbarrett.com/', 'tcourl': 'https://t.co/Kx7DAnqaHE', 'indices': (0, 23)}, 'profileImageUrl': 'https://pbs.twimg.com/profile_images/1531666468517068800/cCRy1Bg0_normal.jpg', 'profileBannerUrl': 'https://pbs.twimg.com/profile_banners/1530045783231410178/1653627483', 'label': None}",0,0,0,0,0.4940145,0.48028356,0.025702018
29,29,1629471520660787201,2023-02-25 13:20:59+00:00,"Biden orders weekend door-to-door checks in Ohio after train derailment
https://t.co/f0xoUv9LNU","{'username': 'ShelliDrummer4', 'id': 972820757662253056, 'displayname': 'Shelli D.', 'rawDescription': ""My mantra is a Quote by Cesar Chavez: 'Talk is cheap. It is the way we organize and use our lives every day that tells what we believe in'\nüö®üòæNO LISTS - NO DMs"", 'renderedDescription': ""My mantra is a Quote by Cesar Chavez: 'Talk is cheap. It is the way we organize and use our lives every day that tells what we believe in'\nüö®üòæNO LISTS - NO DMs"", 'descriptionLinks': None, 'verified': False, 'created': datetime.datetime(2018, 3, 11, 13, 5, 17, tzinfo=datetime.timezone.utc), 'followersCount': 1455, 'friendsCount': 2252, 'statusesCount': 119907, 'favouritesCount': 10439, 'listedCount': 2, 'mediaCount': 132, 'location': 'Seattle, Washington', 'protected': False, 'link': None, 'profileImageUrl': 'https://pbs.twimg.com/profile_images/975006790805962752/WnilNPy1_normal.jpg', 'profileBannerUrl': 'https://pbs.twimg.com/profile_banners/972820757662253056/1521294709', 'label': None}",0,0,0,0,0.2579746,0.72088355,0.021141909
30,30,1629471520308228098,2023-02-25 13:20:59+00:00,"@Awesomefryman @catturd2 Biden is protecting all American's. I know Republicans don't like history because it offends the sensibilities but too bad. An estimated 150,000 Polish citizens were killed by Soviet repressions in 1939-1946.Russia has killed 7199 Ukraine citizens dead, 438 children to date.","{'username': '3strickt', 'id': 3311767997, 'displayname': 'TONYA STRICKLAND', 'rawDescription': '', 'renderedDescription': '', 'descriptionLinks': None, 'verified': False, 'created': datetime.datetime(2015, 6, 7, 11, 11, 8, tzinfo=datetime.timezone.utc), 'followersCount': 32, 'friendsCount': 316, 'statusesCount': 16890, 'favouritesCount': 349, 'listedCount': 0, 'mediaCount': 863, 'location': 'USA', 'protected': False, 'link': None, 'profileImageUrl': 'https://pbs.twimg.com/profile_images/758591306834796544/bEpJeI-z_normal.jpg', 'profileBannerUrl': 'https://pbs.twimg.com/profile_banners/3311767997/1667517432', 'label': None}",0,0,0,0,0.9275634,0.06837746,0.0040592705
31,31,1629471515568635911,2023-02-25 13:20:58+00:00,NTSB Chair Debunks Biden Admin Claims That Trump Is to Blame for Train Derailment https://t.co/zxjsF3NmdL,"{'username': 'LouiseBEisenha2', 'id': 1560282845385560064, 'displayname': 'Louise B Eisenhardt', 'rawDescription': '', 'renderedDescription': '', 'descriptionLinks': None, 'verified': False, 'created': datetime.datetime(2022, 8, 18, 15, 10, 16, tzinfo=datetime.timezone.utc), 'followersCount': 31, 'friendsCount': 227, 'statusesCount': 23138, 'favouritesCount': 1516, 'listedCount': 0, 'mediaCount': 49, 'location': '', 'protected': False, 'link': None, 'profileImageUrl': 'https://abs.twimg.com/sticky/default_profile_images/default_profile_normal.png', 'profileBannerUrl': None, 'label': None}",0,0,0,0,0.38833132,0.5835097,0.028158955
32,32,1629471514327240704,2023-02-25 13:20:57+00:00,"@chrisnsea ü§£ü§£ü§£ü§£ Good Saturday morning laughs you provide. Biden and his henchmen (sorry henchpeople) have done short of ripping this country apart. More crime, inflation through the roof, useless and unconstitutional mandates. He's an epic disaster.","{'username': 'trustdagubment', 'id': 1932618428, 'displayname': 'JeffA üíØüö´üíâ', 'rawDescription': ""üá∫üá≤ 1st;USMC Veteran;MAGA #OhioState;PureBlood;üö´ Covid amnesty; üö´mandates; liberals ü¶áüí©ü§™; Sarcastic, cynical, offensive; If you're offended üíØüñïoff üòúüòú"", 'renderedDescription': ""üá∫üá≤ 1st;USMC Veteran;MAGA #OhioState;PureBlood;üö´ Covid amnesty; üö´mandates; liberals ü¶áüí©ü§™; Sarcastic, cynical, offensive; If you're offended üíØüñïoff üòúüòú"", 'descriptionLinks': None, 'verified': False, 'created': datetime.datetime(2013, 10, 4, 1, 18, 54, tzinfo=datetime.timezone.utc), 'followersCount': 1510, 'friendsCount': 1701, 'statusesCount': 1363, 'favouritesCount': 649, 'listedCount': 0, 'mediaCount': 4, 'location': 'NW Ohio, USA', 'protected': False, 'link': None, 'profileImageUrl': 'https://pbs.twimg.com/profile_images/1629317080800477185/MRA57xBH_normal.jpg', 'profileBannerUrl': 'https://pbs.twimg.com/profile_banners/1932618428/1669557926', 'label': None}",0,0,0,0,0.9431328,0.049245033,0.007622151
33,33,1629471513660342280,2023-02-25 13:20:57+00:00,@Elias_En1 @joekatz45 @charliekirk11 I am definitely not saying that. I don't support either of the leaders of those countries though. Why did Biden think we should be a part of that war in the first place? If Ukraine were a part of NATO MAYBE. Why all of this money and to defend what exactly?,"{'username': 'janeofalltradz', 'id': 1519385824038633472, 'displayname': '@janeofalltradz', 'rawDescription': 'Unwaivering lover of Jesus, my family and my country!! God bless America!!', 'renderedDescription': 'Unwaivering lover of Jesus, my family and my country!! God bless America!!', 'descriptionLinks': None, 'verified': False, 'created': datetime.datetime(2022, 4, 27, 18, 40, 17, tzinfo=datetime.timezone.utc), 'followersCount': 268, 'friendsCount': 163, 'statusesCount': 3488, 'favouritesCount': 26375, 'listedCount': 0, 'mediaCount': 4, 'location': '', 'protected': False, 'link': None, 'profileImageUrl': 'https://pbs.twimg.com/profile_images/1519392522749071362/B5fFE7Nd_normal.jpg', 'profileBannerUrl': 'https://pbs.twimg.com/profile_banners/1519385824038633472/1651086380', 'label': None}",0,0,0,0,0.76383257,0.22560334,0.010564189
34,34,1629471512783716353,2023-02-25 13:20:57+00:00,@crystallinn72 @SarahHuckabee More leftist lies.  Biden is a corrupt democrats who is allowing the invasion of our borders.,"{'username': 'Dennis41681651', 'id': 1362405473366990850, 'displayname': 'Dennis', 'rawDescription': '', 'renderedDescription': '', 'descriptionLinks': None, 'verified': False, 'created': datetime.datetime(2021, 2, 18, 14, 16, 1, tzinfo=datetime.timezone.utc), 'followersCount': 16, 'friendsCount': 26, 'statusesCount': 251, 'favouritesCount': 1169, 'listedCount': 1, 'mediaCount': 18, 'location': '', 'protected': False, 'link': None, 'profileImageUrl': 'https://pbs.twimg.com/profile_images/1434636391762337793/wzEyADNd_normal.jpg', 'profileBannerUrl': None, 'label': None}",0,0,0,0,0.9254642,0.070245914,0.004289918
35,35,1629471504990629889,2023-02-25 13:20:55+00:00,"East Palestine in chaos and President Biden sets that GPS for his house in #Delaware 

Same GPS #KamalaHarris used for last 2 yrs as #BorderCzar to find her way ANY WHERE BUT the southern border https://t.co/Ml0vyWZSff","{'username': 'elizabe32184838', 'id': 1229792614737698816, 'displayname': 'elizabeth', 'rawDescription': 'Empathy', 'renderedDescription': 'Empathy', 'descriptionLinks': None, 'verified': False, 'created': datetime.datetime(2020, 2, 18, 15, 39, 56, tzinfo=datetime.timezone.utc), 'followersCount': 85, 'friendsCount': 66, 'statusesCount': 13132, 'favouritesCount': 15500, 'listedCount': 0, 'mediaCount': 2422, 'location': '', 'protected': False, 'link': None, 'profileImageUrl': 'https://pbs.twimg.com/profile_images/1229792844606582785/jdX1odUh_normal.jpg', 'profileBannerUrl': None, 'label': None}",0,0,0,0,0.49427286,0.4709649,0.03476223
36,36,1629471501656154112,2023-02-25 13:20:54+00:00,"To recap. #China drafts peace deal for #Ukraine conflict Cocaine addict #Zelensky says he wants to meet China and discuss. The Nazis #US #NATO #Biden and #Stoltemberg, oppose.
They contradict each other, But shouldn't it have been #Kiev that established the just peace? https://t.co/OLQX6yO4H5","{'username': 'Annalis56574028', 'id': 1463928904608067586, 'displayname': 'Perteneciente al Sur', 'rawDescription': 'I follow instinctively and continue on the skin.\nMy folllw is not obvious\nüëç', 'renderedDescription': 'I follow instinctively and continue on the skin.\nMy folllw is not obvious\nüëç', 'descriptionLinks': None, 'verified': False, 'created': datetime.datetime(2021, 11, 25, 17, 55, 10, tzinfo=datetime.timezone.utc), 'followersCount': 55, 'friendsCount': 98, 'statusesCount': 3258, 'favouritesCount': 4478, 'listedCount': 1, 'mediaCount': 2194, 'location': 'Naples, Miami, Espa√±a', 'protected': False, 'link': {'text': 'vattelapij√†nelculo.com', 'url': 'http://www.xn--vattelapijnelculo-xob.com', 'tcourl': 'https://t.co/2zscPJRiOX', 'indices': (0, 23)}, 'profileImageUrl': 'https://pbs.twimg.com/profile_images/1586082127799619584/dsASI5hU_normal.jpg', 'profileBannerUrl': 'https://pbs.twimg.com/profile_banners/1463928904608067586/1672477325', 'label': None}",0,0,0,0,0.6349509,0.3451159,0.019933281
37,37,1629471496329363458,2023-02-25 13:20:53+00:00,@RonFilipkowski I thought the Major of the town told Biden not to come. The Major of the town is a big Trump follower.,"{'username': 'Ladyofthewoods8', 'id': 1297651486604787712, 'displayname': 'Ladyofthewoods', 'rawDescription': 'Dog, book, tv, tree hugging person', 'renderedDescription': 'Dog, book, tv, tree hugging person', 'descriptionLinks': None, 'verified': False, 'created': datetime.datetime(2020, 8, 23, 21, 47, 39, tzinfo=datetime.timezone.utc), 'followersCount': 25, 'friendsCount': 105, 'statusesCount': 1707, 'favouritesCount': 6246, 'listedCount': 0, 'mediaCount': 177, 'location': '', 'protected': False, 'link': None, 'profileImageUrl': 'https://pbs.twimg.com/profile_images/1297651988746862603/9QC97yn3_normal.jpg', 'profileBannerUrl': None, 'label': None}",0,0,0,0,0.5282947,0.4395486,0.032156676
38,38,1629471495217881094,2023-02-25 13:20:53+00:00,"Check out Andrew's video! #TikTok https://t.co/GLPjHrpawj
Another one of Joe Biden‚Äôs (CHECK A BOX nominees. In Joes little mind he thinks you don‚Äôt have to know anything to be appointed. It‚Äôs called identity politics. This is why America is so F**ked up!","{'username': 'Mike05079897', 'id': 1271211343614533635, 'displayname': 'Mike', 'rawDescription': 'Enjoy Sports, Beach,and spending time with my wife. Retired from retail Management.Stock trader.', 'renderedDescription': 'Enjoy Sports, Beach,and spending time with my wife. Retired from retail Management.Stock trader.', 'descriptionLinks': None, 'verified': False, 'created': datetime.datetime(2020, 6, 11, 22, 43, 27, tzinfo=datetime.timezone.utc), 'followersCount': 87, 'friendsCount': 188, 'statusesCount': 15435, 'favouritesCount': 2630, 'listedCount': 1, 'mediaCount': 615, 'location': '', 'protected': False, 'link': None, 'profileImageUrl': 'https://pbs.twimg.com/profile_images/1603485680709034002/DOKjOCXw_normal.jpg', 'profileBannerUrl': 'https://pbs.twimg.com/profile_banners/1271211343614533635/1670870727', 'label': None}",0,0,0,0,0.87492436,0.11363869,0.011436984
39,39,1629471487475478530,2023-02-25 13:20:51+00:00,@charliekirk11 Is it to much to ask that our president spend a little time and money fixing his own country. The problem isn‚Äôt Ukraine the problem is Biden and his unwillingness to treat his own people as a priority. We are being attacked on our own soil and he is allowing it to happen.,"{'username': 'RussellBatema13', 'id': 1565003543064371200, 'displayname': 'Russell Bateman', 'rawDescription': '', 'renderedDescription': '', 'descriptionLinks': None, 'verified': False, 'created': datetime.datetime(2022, 8, 31, 15, 48, 35, tzinfo=datetime.timezone.utc), 'followersCount': 7, 'friendsCount': 27, 'statusesCount': 2008, 'favouritesCount': 0, 'listedCount': 1, 'mediaCount': 9, 'location': '', 'protected': False, 'link': None, 'profileImageUrl': 'https://abs.twimg.com/sticky/default_profile_images/default_profile_normal.png', 'profileBannerUrl': None, 'label': None}",0,0,0,0,0.8776598,0.11446709,0.007873207
40,40,1629471478503682049,2023-02-25 13:20:49+00:00,"@PuddingVladdy @CNNPolitics If biden needed over 25,000 troops to guard him from the people on Inauguration Day, then it‚Äôs clear that he wasn‚Äôt elected by the people https://t.co/q5DedNfFJa","{'username': 'ispeakfacts36', 'id': 1583166293523718144, 'displayname': 'ispeakfacts36', 'rawDescription': '', 'renderedDescription': '', 'descriptionLinks': None, 'verified': False, 'created': datetime.datetime(2022, 10, 20, 18, 41, 15, tzinfo=datetime.timezone.utc), 'followersCount': 1, 'friendsCount': 0, 'statusesCount': 366, 'favouritesCount': 10, 'listedCount': 0, 'mediaCount': 286, 'location': '', 'protected': False, 'link': None, 'profileImageUrl': 'https://pbs.twimg.com/profile_images/1583166617235726337/-CUSJ_HY_normal.jpg', 'profileBannerUrl': None, 'label': None}",0,0,0,0,0.7421806,0.24532096,0.01249845
41,41,1629471477127950337,2023-02-25 13:20:48+00:00,@Tmayo72813432 @atensnut What a joke. Biden is discussing where he can hide when he is finally brought to justice. Staged like his whole presidency.,"{'username': 'SMedblake', 'id': 1591782880073682944, 'displayname': 'SBlake57', 'rawDescription': 'Proud American, Remdisivir Survivor, Christian', 'renderedDescription': 'Proud American, Remdisivir Survivor, Christian', 'descriptionLinks': None, 'verified': False, 'created': datetime.datetime(2022, 11, 13, 13, 20, 44, tzinfo=datetime.timezone.utc), 'followersCount': 4, 'friendsCount': 98, 'statusesCount': 139, 'favouritesCount': 1169, 'listedCount': 0, 'mediaCount': 0, 'location': '', 'protected': False, 'link': None, 'profileImageUrl': 'https://abs.twimg.com/sticky/default_profile_images/default_profile_normal.png', 'profileBannerUrl': None, 'label': None}",0,0,0,0,0.7622949,0.21753803,0.020167071
42,42,1629471470521810950,2023-02-25 13:20:47+00:00,Dems Cry ‚ÄòRacism‚Äô After DCNF Bombshells Expose Rep. Judy Chu and Biden Appointee‚Äôs Ties To Alleged Chinese Intel https://t.co/coCydWdkxj,"{'username': 'jaskane', 'id': 66796845, 'displayname': 'James Kane', 'rawDescription': ""Opinionated & forever learning. I'm writing a novel. #WritingCommunity DMs are open. RT ‚â† endorsement. Blocked by @RadioFreeTom & @HNTurtledove"", 'renderedDescription': ""Opinionated & forever learning. I'm writing a novel. #WritingCommunity DMs are open. RT ‚â† endorsement. Blocked by @RadioFreeTom & @HNTurtledove"", 'descriptionLinks': None, 'verified': False, 'created': datetime.datetime(2009, 8, 18, 20, 49, 22, tzinfo=datetime.timezone.utc), 'followersCount': 896, 'friendsCount': 4745, 'statusesCount': 37404, 'favouritesCount': 16377, 'listedCount': 5, 'mediaCount': 54, 'location': 'United States', 'protected': False, 'link': {'text': 'intpolicydigest.org/author/james-k‚Ä¶', 'url': 'http://intpolicydigest.org/author/james-kane/', 'tcourl': 'https://t.co/ZFbp5LTIpo', 'indices': (0, 23)}, 'profileImageUrl': 'https://pbs.twimg.com/profile_images/1112616568/jastwit_normal.png', 'profileBannerUrl': 'https://pbs.twimg.com/profile_banners/66796845/1637636304', 'label': None}",0,0,0,0,0.5855872,0.39841473,0.015997985
43,43,1629471470039744513,2023-02-25 13:20:47+00:00,"@IngrahamAngle This is their problem and they are just blackmailing Obama's and Biden's and our Country is suffering because of it! Remove Biden, he is a National threat to our country!","{'username': 'Dert66', 'id': 36198124, 'displayname': 'Derlene', 'rawDescription': 'I love God, family, friends, fishing, hiking, camping, diving, in door rock climbing, biking both bicycles and motorcycles. I voted Trump!üá∫üá∏ I will again.', 'renderedDescription': 'I love God, family, friends, fishing, hiking, camping, diving, in door rock climbing, biking both bicycles and motorcycles. I voted Trump!üá∫üá∏ I will again.', 'descriptionLinks': None, 'verified': False, 'created': datetime.datetime(2009, 4, 28, 22, 5, 42, tzinfo=datetime.timezone.utc), 'followersCount': 224, 'friendsCount': 169, 'statusesCount': 31540, 'favouritesCount': 33139, 'listedCount': 0, 'mediaCount': 304, 'location': 'Arizona, USA', 'protected': False, 'link': None, 'profileImageUrl': 'https://pbs.twimg.com/profile_images/1290318109643964419/bd8yP7dl_normal.jpg', 'profileBannerUrl': 'https://pbs.twimg.com/profile_banners/36198124/1549641196', 'label': None}",0,1,1,0,0.93733776,0.059256755,0.0034053877
44,44,1629471469242556416,2023-02-25 13:20:47+00:00,"Biden‚Äôs muddle on Chinese arms for Russia https://t.co/TnxCB4adjh via @spectator This guy has forgotten how to wipe his own arse, how do you expect him not to be muddled?","{'username': 'luiza_jones', 'id': 1621166689701199873, 'displayname': 'Luiza Jones', 'rawDescription': 'AFC Bury fan.\nSporty fashionista, northern girl gone south.\nJust because I like or retweet does not mean I necessarily agree with the views expressed.', 'renderedDescription': 'AFC Bury fan.\nSporty fashionista, northern girl gone south.\nJust because I like or retweet does not mean I necessarily agree with the views expressed.', 'descriptionLinks': None, 'verified': False, 'created': datetime.datetime(2023, 2, 2, 15, 20, 49, tzinfo=datetime.timezone.utc), 'followersCount': 126, 'friendsCount': 403, 'statusesCount': 731, 'favouritesCount': 857, 'listedCount': 0, 'mediaCount': 1, 'location': 'Brighton and London', 'protected': False, 'link': None, 'profileImageUrl': 'https://pbs.twimg.com/profile_images/1621166880932126725/Hz-z8TcP_normal.jpg', 'profileBannerUrl': None, 'label': None}",0,0,0,0,0.80093485,0.18190031,0.017164845
45,45,1629471466717577216,2023-02-25 13:20:46+00:00,"@MatthewLauseng @hodgetwins At an Arizona Senate Committee hearing on January 24, 2022, we learned that precisely 95 percent of Maricopa County overseas military members (and their families) voted for Joe Biden. That is an amazing (as in phony) percentage-","{'username': 'KYBornAgain', 'id': 1440681980039811072, 'displayname': 'Ron Hurlburt', 'rawDescription': 'Born-again Christian.', 'renderedDescription': 'Born-again Christian.', 'descriptionLinks': None, 'verified': False, 'created': datetime.datetime(2021, 9, 22, 14, 19, 12, tzinfo=datetime.timezone.utc), 'followersCount': 3, 'friendsCount': 16, 'statusesCount': 401, 'favouritesCount': 702, 'listedCount': 0, 'mediaCount': 2, 'location': '', 'protected': False, 'link': None, 'profileImageUrl': 'https://abs.twimg.com/sticky/default_profile_images/default_profile_normal.png', 'profileBannerUrl': None, 'label': None}",0,0,0,0,0.034304675,0.22847493,0.73722035
46,46,1629471458916179970,2023-02-25 13:20:44+00:00,"@DailyCaller Truth? Says the guy who staged an air raid warning to make Biden look ""brave.""","{'username': 'TPuckwheat', 'id': 1595121672172048413, 'displayname': 'Tom Puckett', 'rawDescription': 'Music and Christmas lover. Proud Dad. Partner of a beautiful soul. Lead  singer of Metro Rockway and The Allen Puckett Project. Love my Tigers, Wings and Lions!', 'renderedDescription': 'Music and Christmas lover. Proud Dad. Partner of a beautiful soul. Lead  singer of Metro Rockway and The Allen Puckett Project. Love my Tigers, Wings and Lions!', 'descriptionLinks': None, 'verified': False, 'created': datetime.datetime(2022, 11, 22, 18, 27, 10, tzinfo=datetime.timezone.utc), 'followersCount': 135, 'friendsCount': 95, 'statusesCount': 1384, 'favouritesCount': 2776, 'listedCount': 0, 'mediaCount': 2, 'location': 'Michigan, USA', 'protected': False, 'link': None, 'profileImageUrl': 'https://pbs.twimg.com/profile_images/1595131393515950085/zQc4RRBQ_normal.jpg', 'profileBannerUrl': 'https://pbs.twimg.com/profile_banners/1595121672172048413/1669144155', 'label': None}",0,0,0,0,0.5026958,0.46053222,0.036771983
47,47,1629471453757456386,2023-02-25 13:20:43+00:00,"@barreldEM @ZaleskiLuke @mtgreenee We don‚Äôt need to do that, Biden does that just fine on his own‚Ä¶","{'username': 'Rob18577490', 'id': 983482844520435712, 'displayname': 'Rob', 'rawDescription': ""I'm not usually one to say alot about politics.. But reading what people say has shown me that we have alot of stupid people. and they want free education"", 'renderedDescription': ""I'm not usually one to say alot about politics.. But reading what people say has shown me that we have alot of stupid people. and they want free education"", 'descriptionLinks': None, 'verified': False, 'created': datetime.datetime(2018, 4, 9, 23, 12, 37, tzinfo=datetime.timezone.utc), 'followersCount': 1, 'friendsCount': 4, 'statusesCount': 1061, 'favouritesCount': 24, 'listedCount': 0, 'mediaCount': 66, 'location': 'United States', 'protected': False, 'link': None, 'profileImageUrl': 'https://pbs.twimg.com/profile_images/1145349991201984513/2iqyoz6X_normal.jpg', 'profileBannerUrl': None, 'label': None}",0,0,0,0,0.11329048,0.5979469,0.2887627
48,48,1629471452884811777,2023-02-25 13:20:43+00:00,@TracyRWriter @ScottBeemer @sav_says_ @bennyjohnson Why did Biden just side against railway workers? Those workers have been complaining for years about unsafe working conditions and now we have this.,"{'username': 'capt_trips83', 'id': 1450714596076146692, 'displayname': 'FDodd', 'rawDescription': 'social media is cancer‚Ä¶beware', 'renderedDescription': 'social media is cancer‚Ä¶beware', 'descriptionLinks': None, 'verified': False, 'created': datetime.datetime(2021, 10, 20, 6, 45, 59, tzinfo=datetime.timezone.utc), 'followersCount': 37, 'friendsCount': 354, 'statusesCount': 7029, 'favouritesCount': 6355, 'listedCount': 0, 'mediaCount': 255, 'location': '', 'protected': False, 'link': None, 'profileImageUrl': 'https://pbs.twimg.com/profile_images/1451403135143096322/SNimXY3U_normal.jpg', 'profileBannerUrl': 'https://pbs.twimg.com/profile_banners/1450714596076146692/1634971811', 'label': None}",0,0,0,0,0.8692313,0.12474562,0.0060229166
49,49,1629471450934509571,2023-02-25 13:20:42+00:00,@OccupyDemocrats Every Biden should be SEIZED!,"{'username': 'DonaldRenfrow2', 'id': 1119628328263090176, 'displayname': 'Donald Renfrow', 'rawDescription': '', 'renderedDescription': '', 'descriptionLinks': None, 'verified': False, 'created': datetime.datetime(2019, 4, 20, 15, 46, 9, tzinfo=datetime.timezone.utc), 'followersCount': 1, 'friendsCount': 4, 'statusesCount': 34, 'favouritesCount': 0, 'listedCount': 0, 'mediaCount': 0, 'location': '', 'protected': False, 'link': None, 'profileImageUrl': 'https://pbs.twimg.com/profile_images/1119628898478776321/ocOnPbhn_normal.jpg', 'profileBannerUrl': None, 'label': None}",0,0,0,0,0.27374306,0.5896974,0.13655946
